CREATE DATABASE  IF NOT EXISTS `psikogram_ibm` /*!40100 DEFAULT CHARACTER SET utf8mb4 COLLATE utf8mb4_general_ci */;
USE `psikogram_ibm`;
-- MySQL dump 10.13  Distrib 8.0.36, for Win64 (x86_64)
--
-- Host: 127.0.0.1    Database: psikogram_ibm
-- ------------------------------------------------------
-- Server version	5.5.5-10.4.27-MariaDB

/*!40101 SET @OLD_CHARACTER_SET_CLIENT=@@CHARACTER_SET_CLIENT */;
/*!40101 SET @OLD_CHARACTER_SET_RESULTS=@@CHARACTER_SET_RESULTS */;
/*!40101 SET @OLD_COLLATION_CONNECTION=@@COLLATION_CONNECTION */;
/*!50503 SET NAMES utf8 */;
/*!40103 SET @OLD_TIME_ZONE=@@TIME_ZONE */;
/*!40103 SET TIME_ZONE='+00:00' */;
/*!40014 SET @OLD_UNIQUE_CHECKS=@@UNIQUE_CHECKS, UNIQUE_CHECKS=0 */;
/*!40014 SET @OLD_FOREIGN_KEY_CHECKS=@@FOREIGN_KEY_CHECKS, FOREIGN_KEY_CHECKS=0 */;
/*!40101 SET @OLD_SQL_MODE=@@SQL_MODE, SQL_MODE='NO_AUTO_VALUE_ON_ZERO' */;
/*!40111 SET @OLD_SQL_NOTES=@@SQL_NOTES, SQL_NOTES=0 */;

--
-- Table structure for table `mst_category_tes`
--

DROP TABLE IF EXISTS `mst_category_tes`;
/*!40101 SET @saved_cs_client     = @@character_set_client */;
/*!50503 SET character_set_client = utf8mb4 */;
CREATE TABLE `mst_category_tes` (
  `id_category` int(11) NOT NULL,
  `code` char(5) DEFAULT NULL,
  `duration` int(11) DEFAULT NULL,
  `description` varchar(255) DEFAULT NULL,
  `instruction` text DEFAULT NULL,
  `created_at` datetime DEFAULT NULL,
  `created_by` int(11) DEFAULT NULL,
  `updated_at` datetime DEFAULT NULL,
  `updated_by` int(11) DEFAULT NULL,
  PRIMARY KEY (`id_category`)
) ENGINE=InnoDB DEFAULT CHARSET=utf8mb4 COLLATE=utf8mb4_general_ci;
/*!40101 SET character_set_client = @saved_cs_client */;

--
-- Dumping data for table `mst_category_tes`
--

LOCK TABLES `mst_category_tes` WRITE;
/*!40000 ALTER TABLE `mst_category_tes` DISABLE KEYS */;
INSERT INTO `mst_category_tes` VALUES (0,'WPT',10,'Wonderlic Test','1. Terdapat soal-soal dalam tes ini.\n2. Jawablah pertanyaan termudah untuk dikerjakan terlebih dahulu. \n3. Cara menjawab cukup menuliskan angka / huruf jika terdapat pilihan jawabannya - tanpa perlu menuliskan kalimat panjangnya.\n4. Kerjakan dengan tepat dan teliti.','2024-06-13 00:00:00',1,NULL,NULL),(1,'PAPI',10,'PAPI Kostick Test','1. Pilihlah salah satu dari pertanyaan yang tersedia di masing-masing soal yang paling menggambarkan kepribadian Anda.\r 2. Berikan jawaban di kanan tiap soal (kolom p).\r 3. Cara menjawab cukup menuliskan huruf Kiri atau Kanan.','2024-06-14 00:00:00',1,NULL,NULL),(2,'DISC',20,'DISC Test','Bayangkan anda berada dalam salah satu SETTING LINGKUNGAN kerja. Tugas anda, membaca 4 kalimat yang terdapat di dalam masing-masing kotak. Berikanlah tanda “X” disamping kalimat di kolom “P” untuk pernyataan yang PALING MENGGAMBARKAN diri anda dalam setting yang sudah ditentukan tersebut, kemudian berikanlah tanda “X” disamping kalimat di kolom “K” untuk pernyataan yang KURANG MENGGAMBARKAN diri anda dalam setting yang sudah ditentukan tersebut.  Untuk masing-masing kotak, hanya memilih satu respon PALING dan satu respon KURANG.','2024-06-14 00:00:00',1,NULL,NULL),(3,'ENG',10,'English Test','1. Terdapat soal-soal dalam tes ini.\n2. Jawablah pertanyaan termudah untuk dikerjakan terlebih dahulu. \n3. Cara menjawab cukup menuliskan huruf atas pilihan jawaban yang dimaksudkan.\n4. Kerjakan dengan tepat dan teliti.','2024-06-14 00:00:00',1,NULL,NULL);
/*!40000 ALTER TABLE `mst_category_tes` ENABLE KEYS */;
UNLOCK TABLES;

--
-- Table structure for table `mst_merchant`
--

DROP TABLE IF EXISTS `mst_merchant`;
/*!40101 SET @saved_cs_client     = @@character_set_client */;
/*!50503 SET character_set_client = utf8mb4 */;
CREATE TABLE `mst_merchant` (
  `id_merchant` int(11) NOT NULL,
  `code` varchar(3) DEFAULT NULL,
  `description` varchar(255) DEFAULT NULL,
  PRIMARY KEY (`id_merchant`)
) ENGINE=InnoDB DEFAULT CHARSET=utf8mb4 COLLATE=utf8mb4_general_ci;
/*!40101 SET character_set_client = @saved_cs_client */;

--
-- Dumping data for table `mst_merchant`
--

LOCK TABLES `mst_merchant` WRITE;
/*!40000 ALTER TABLE `mst_merchant` DISABLE KEYS */;
INSERT INTO `mst_merchant` VALUES (1,'RSS','PT RESTO SUKSES SEJAHTERA'),(2,'TDI','PT TERA DATA INDONUSA');
/*!40000 ALTER TABLE `mst_merchant` ENABLE KEYS */;
UNLOCK TABLES;

--
-- Table structure for table `mst_quiz_dtl`
--

DROP TABLE IF EXISTS `mst_quiz_dtl`;
/*!40101 SET @saved_cs_client     = @@character_set_client */;
/*!50503 SET character_set_client = utf8mb4 */;
CREATE TABLE `mst_quiz_dtl` (
  `id_category` int(11) NOT NULL,
  `id_quiz` int(11) NOT NULL,
  `id_quiz_dtl` int(11) NOT NULL,
  `description` varchar(450) DEFAULT NULL,
  `img_desc` varchar(450) DEFAULT NULL,
  `most` char(1) DEFAULT NULL,
  `least` char(1) DEFAULT NULL,
  PRIMARY KEY (`id_category`,`id_quiz`,`id_quiz_dtl`)
) ENGINE=InnoDB DEFAULT CHARSET=utf8mb4 COLLATE=utf8mb4_general_ci;
/*!40101 SET character_set_client = @saved_cs_client */;

--
-- Dumping data for table `mst_quiz_dtl`
--

LOCK TABLES `mst_quiz_dtl` WRITE;
/*!40000 ALTER TABLE `mst_quiz_dtl` DISABLE KEYS */;
INSERT INTO `mst_quiz_dtl` VALUES (0,1,1,'Januari',NULL,NULL,NULL),(0,1,2,'Maret',NULL,NULL,NULL),(0,1,3,'Juli',NULL,NULL,NULL),(0,1,4,'Desember',NULL,NULL,NULL),(0,1,5,'Oktober',NULL,NULL,NULL),(0,2,1,'Meletakkan',NULL,NULL,NULL),(0,2,2,'Membebaskan',NULL,NULL,NULL),(0,2,3,'Beresiko',NULL,NULL,NULL),(0,2,4,'Berusaha',NULL,NULL,NULL),(0,2,5,'Turun tingkat',NULL,NULL,NULL),(0,3,1,'Januari',NULL,NULL,NULL),(0,3,2,'Agustus',NULL,NULL,NULL),(0,3,3,'Rabu',NULL,NULL,NULL),(0,3,4,'Oktober',NULL,NULL,NULL),(0,3,5,'Desember',NULL,NULL,NULL),(0,5,1,'Pasukan',NULL,NULL,NULL),(0,5,2,'Liga',NULL,NULL,NULL),(0,5,3,'Berpatisipasi',NULL,NULL,NULL),(0,5,4,'Pak',NULL,NULL,NULL),(0,5,5,'Kelompok',NULL,NULL,NULL),(0,6,1,'Jarang',NULL,NULL,NULL),(0,6,2,'Terbiasa',NULL,NULL,NULL),(0,6,3,'Tetap',NULL,NULL,NULL),(0,6,4,'Berhenti',NULL,NULL,NULL),(0,6,5,'Selalu',NULL,NULL,NULL),(0,7,1,NULL,'Gambar_7.jpg',NULL,NULL),(0,9,1,'Memiliki arti sama',NULL,NULL,NULL),(0,9,2,'Memiliki arti berlawanan',NULL,NULL,NULL),(0,9,3,'Tidak memiliki arti sama atau berlainan?',NULL,NULL,NULL),(0,10,1,'Manis',NULL,NULL,NULL),(0,10,2,'Bau tidak sedap',NULL,NULL,NULL),(0,10,3,'Bau wangi',NULL,NULL,NULL),(0,10,4,'Hidung',NULL,NULL,NULL),(0,10,5,'Bersih',NULL,NULL,NULL),(0,11,1,'Liburan',NULL,NULL,NULL),(0,11,2,'Musim panas',NULL,NULL,NULL),(0,11,3,'Musim semi',NULL,NULL,NULL),(0,11,4,'Musim dingin',NULL,NULL,NULL),(0,11,5,'Musim gugur',NULL,NULL,NULL),(0,14,1,'Terpencil',NULL,NULL,NULL),(0,14,2,'Dekat',NULL,NULL,NULL),(0,14,3,'Jauh',NULL,NULL,NULL),(0,14,4,'Terburu-buru',NULL,NULL,NULL),(0,14,5,'Pasti',NULL,NULL,NULL),(0,16,1,'Satu',NULL,NULL,NULL),(0,16,2,'Dua',NULL,NULL,NULL),(0,16,3,'Tiga',NULL,NULL,NULL),(0,16,4,'Empat',NULL,NULL,NULL),(0,16,5,'Lima',NULL,NULL,NULL),(0,19,1,'Memiliki arti sama',NULL,NULL,NULL),(0,19,2,'Memiliki arti berlawanan',NULL,NULL,NULL),(0,19,3,'Tidak memiliki arti sama atau berlawanan',NULL,NULL,NULL),(0,23,1,'2 dan 1',NULL,NULL,NULL),(0,23,2,'2 dan 5',NULL,NULL,NULL),(0,23,3,'3 dan 4',NULL,NULL,NULL),(0,23,4,'1 dan 3',NULL,NULL,NULL),(0,23,5,'4 dan 5',NULL,NULL,NULL),(0,25,1,'Memiliki arti sama',NULL,NULL,NULL),(0,25,2,'Memiliki arti berlawanan',NULL,NULL,NULL),(0,25,3,'Tidak memiliki arti sama atau berlawanan',NULL,NULL,NULL),(0,28,1,'Memiliki arti sama',NULL,NULL,NULL),(0,28,2,'Memiliki arti berlawanan',NULL,NULL,NULL),(0,28,3,'Tidak memiliki arti sama atau berlawanan',NULL,NULL,NULL),(0,31,1,'1/2',NULL,NULL,NULL),(0,31,2,'1/4',NULL,NULL,NULL),(0,31,3,'1/6',NULL,NULL,NULL),(0,31,4,'1/8',NULL,NULL,NULL),(0,31,5,'1/12',NULL,NULL,NULL),(0,33,1,'Memiliki arti sama',NULL,NULL,NULL),(0,33,2,'Memiliki arti berlawanan',NULL,NULL,NULL),(0,33,3,'Tidak memiliki arti sama atau berlawanan',NULL,NULL,NULL),(0,38,1,NULL,'Gambar_38.jpg',NULL,NULL),(0,39,1,'Memiliki arti sama',NULL,NULL,NULL),(0,39,2,'Memiliki arti berlawanan',NULL,NULL,NULL),(0,39,3,'Tidak memiliki arti sama atau berlawanan',NULL,NULL,NULL),(0,40,1,'Satu',NULL,NULL,NULL),(0,40,2,'Dua',NULL,NULL,NULL),(0,40,3,'Tiga',NULL,NULL,NULL),(0,40,4,'Empat',NULL,NULL,NULL),(0,40,5,'Lima',NULL,NULL,NULL),(0,41,1,'2 dan 1',NULL,NULL,NULL),(0,41,2,'2 dan 5',NULL,NULL,NULL),(0,41,3,'3 dan 4',NULL,NULL,NULL),(0,41,4,'1 dan 3',NULL,NULL,NULL),(0,41,5,'4 dan 5',NULL,NULL,NULL),(0,42,1,NULL,'Gambar_42.jpg',NULL,NULL),(0,43,1,'10',NULL,NULL,NULL),(0,43,2,'1',NULL,NULL,NULL),(0,43,3,'0.999',NULL,NULL,NULL),(0,43,4,'0.33',NULL,NULL,NULL),(0,43,5,'11',NULL,NULL,NULL),(0,44,1,'Memiliki arti sama',NULL,NULL,NULL),(0,44,2,'Memiliki arti berlawanan',NULL,NULL,NULL),(0,44,3,'Tidak memiliki arti sama atau berlawanan',NULL,NULL,NULL),(0,46,1,'Koloni',NULL,NULL,NULL),(0,46,2,'Perkawanan',NULL,NULL,NULL),(0,46,3,'Kawanan',NULL,NULL,NULL),(0,46,4,'Kru',NULL,NULL,NULL),(0,46,5,'Konstelasi',NULL,NULL,NULL),(0,49,1,NULL,'Gambar_49.jpg',NULL,NULL),(0,51,1,'5',NULL,NULL,NULL),(0,51,2,'6',NULL,NULL,NULL),(0,51,3,'7',NULL,NULL,NULL),(0,51,4,'8',NULL,NULL,NULL),(0,51,5,'9',NULL,NULL,NULL),(1,1,1,'Saya seorang pekerja giat',NULL,NULL,NULL),(1,1,2,'Saya bukan seorang murung',NULL,NULL,NULL),(1,2,1,'Saya suka bekerja lebih baik daripada orang lain',NULL,NULL,NULL),(1,2,2,'Saya melakukan pekerjaan hingga tuntas',NULL,NULL,NULL),(1,3,1,'Saya suka memberi orang petunjuk bagaimana melakukan sesuatu',NULL,NULL,NULL),(1,3,2,'Saya senang memberitahukan orang apa yang harus dikerjakan',NULL,NULL,NULL),(1,4,1,'Saya melakukan hal-hal yang lucu',NULL,NULL,NULL),(1,4,2,'Saya suka mengatakan kepada orang lain apa yang harus dikerjakan',NULL,NULL,NULL),(1,5,1,'Saya suka bergabung didalam kelompok',NULL,NULL,NULL),(1,5,2,'Saya ingin diperhatikan didalam kelompok',NULL,NULL,NULL),(1,6,1,'Saya suka menjalin persahabatan',NULL,NULL,NULL),(1,6,2,'Saya suka menggabungkan diri dalam suatu kelompok',NULL,NULL,NULL),(1,7,1,'Jika saya rasa perlu, saya bisa cepat menyesuaikan diri',NULL,NULL,NULL),(1,7,2,'Saya berusaha menjalin persahabatan',NULL,NULL,NULL),(1,8,1,'Saya suka membalas jika benar-benar disakiti',NULL,NULL,NULL),(1,8,2,'Saya suka mengerjakan sesuatu hal yang baru dan berbeda',NULL,NULL,NULL),(1,9,1,'Saya ingin atasan menyukai saya',NULL,NULL,NULL),(1,9,2,'Saya suka memberitahu orang lain jika mereka berbuat salah',NULL,NULL,NULL),(1,10,1,'Saya senang mengikuti petunjuk-petunjuk yang diberikan kepada saya',NULL,NULL,NULL),(1,10,2,'Saya ingin menyenangkan atasan saya',NULL,NULL,NULL),(1,11,1,'Saya berusaha keras sekali',NULL,NULL,NULL),(1,11,2,'Saya adalah seorang yang rapi saya menempatkan segala sesuatu ditempatnya',NULL,NULL,NULL),(1,12,1,'Saya mampu mempengaruhi orang lain untuk melakukan apa yang saya kehendaki',NULL,NULL,NULL),(1,12,2,'Saya tidak mudah marah',NULL,NULL,NULL),(1,13,1,'Saya suka memberitahukan apa yang harus dikerjakan oleh kelompok',NULL,NULL,NULL),(1,13,2,'Saya selalu melakukan pekerjaan sampai tuntas',NULL,NULL,NULL),(1,14,1,'Saya ingin menjadi orang yang menarik dan mengasyikkan',NULL,NULL,NULL),(1,14,2,'Saya ingin menjadi orang yang sangat berhasil',NULL,NULL,NULL),(1,15,1,'Saya suka menyesuaikan diri dalam kelompok',NULL,NULL,NULL),(1,15,2,'Saya suka membantu orang mengambil keputusan',NULL,NULL,NULL),(1,16,1,'Saya cemas bila seseorang tidak menyukai saya',NULL,NULL,NULL),(1,16,2,'Saya suka orang memperhatikan saya',NULL,NULL,NULL),(1,17,1,'Saya suka mencoba hal-hal yang baru',NULL,NULL,NULL),(1,17,2,'Saya lebih suka bekerja sama daripada bekerja sendiri',NULL,NULL,NULL),(1,18,1,'Kadang-kadang saya menyalahkan orang lain bila ada sesuatu yang tidak beres',NULL,NULL,NULL),(1,18,2,'Saya merasa terganggu bila ada yang tidak menyukai saya',NULL,NULL,NULL),(1,19,1,'Saya ingin menyenangkan atasan-atasan saya',NULL,NULL,NULL),(1,19,2,'Saya suka mencoba suatu pekerjaan yang baru dan berbeda',NULL,NULL,NULL),(1,20,1,'Saya suka penjelasan-penjelasan terperinci dalam menyelesaikan pekerjaan',NULL,NULL,NULL),(1,20,2,'Akan saya katakan kepada orang-orang yang bersangkutan bila mereka menjengkelkan saya',NULL,NULL,NULL),(1,21,1,'Saya selalu berusaha keras',NULL,NULL,NULL),(1,21,2,'Saya suka melaksanakan setiap langkah dengan hati-hati',NULL,NULL,NULL),(1,22,1,'Saya akan menjadi seorang pemimpin yang baik',NULL,NULL,NULL),(1,22,2,'Saya dapat mengorganisir suatu pekerjaan dengan baik',NULL,NULL,NULL),(1,23,1,'Saya mudah tersinggung',NULL,NULL,NULL),(1,23,2,'Saya lamban dalam membuat keputusan-keputusan',NULL,NULL,NULL),(1,24,1,'Saya suka mengerjakan beberapa pekerjaan sekaligus',NULL,NULL,NULL),(1,24,2,'Bila saya dalam kelompok, saya lebih sering sebagai pendengar',NULL,NULL,NULL),(1,25,1,'Saya sangat senang bila mendapat undangan',NULL,NULL,NULL),(1,25,2,'saya ingin lebih baik dari yang lain dalam mengerjakan sesuatu',NULL,NULL,NULL),(1,26,1,'Saya suka menjalin persahabatan',NULL,NULL,NULL),(1,26,2,'Saya suka memberi nasehat kepada orang lain',NULL,NULL,NULL),(1,27,1,'Saya suka mengerjakan sesuatu hal yang baru dan berbeda',NULL,NULL,NULL),(1,27,2,'Saya suka memberitahu bagaimana saya berhasil dalam melakukan sesuatu',NULL,NULL,NULL),(1,28,1,'Jika memang saya benar, saya akan mempertahankannya',NULL,NULL,NULL),(1,28,2,'Saya ingin di terima dan diakui dalam kelompok',NULL,NULL,NULL),(1,29,1,'Saya tidak ingin menjadi lain dari yang lain',NULL,NULL,NULL),(1,29,2,'Saya berusaha dekat dengan orang-orang',NULL,NULL,NULL),(1,30,1,'Saya senang memberitahu orang bagaimana melakukan suatu pekerjaan',NULL,NULL,NULL),(1,30,2,'Saya berusaha dekat dengan orang-orang',NULL,NULL,NULL),(1,31,1,'Saya bekerja keras',NULL,NULL,NULL),(1,31,2,'Saya banyak berfikir dan membuat rencana',NULL,NULL,NULL),(1,32,1,'Saya memimpin suatu kelompok',NULL,NULL,NULL),(1,32,2,'Saya tertarik dengan hal-hal yang lebih detail',NULL,NULL,NULL),(1,33,1,'Saya membuat keputusan dengan mudah dan cepat',NULL,NULL,NULL),(1,33,2,'Saya merawat barang-barang saya dengan rapi dan teratur',NULL,NULL,NULL),(1,34,1,'Saya mengerjakan sesuatu dengan cepat',NULL,NULL,NULL),(1,34,2,'Saya jarang marah atau sedih',NULL,NULL,NULL),(1,35,1,'Saya ingin menjadi bagian dari suatu kelompok',NULL,NULL,NULL),(1,35,2,'Saya hanya ingin mengerjakan satu pekerjaan dalam satu saat',NULL,NULL,NULL),(1,36,1,'Saya berusaha menjalin persahabatan',NULL,NULL,NULL),(1,36,2,'Saya berusaha keras untuk menjadi yang paling baik',NULL,NULL,NULL),(1,37,1,'Saya suka baju-baju dan mobil-mobil model mutakhir',NULL,NULL,NULL),(1,37,2,'Saya senang bertanggung jawab atas orang lain',NULL,NULL,NULL),(1,38,1,'Saya senang berdebat',NULL,NULL,NULL),(1,38,2,'Saya senang mendapat perhatian',NULL,NULL,NULL),(1,39,1,'Saya suka menyenangkan atasan saya',NULL,NULL,NULL),(1,39,2,'Saya tertarik untuk menjadi bagian dari suatu kelompok',NULL,NULL,NULL),(1,40,1,'Saya suka mematuhi peraturan dengan sungguh-sungguh',NULL,NULL,NULL),(1,40,2,'Saya ingin agar orang-orang benar-benar mengenal saya',NULL,NULL,NULL),(1,41,1,'Saya berusaha keras sekali',NULL,NULL,NULL),(1,41,2,'Saya sangat ramah',NULL,NULL,NULL),(1,42,1,'Orang-orang menganggap saya adalah pemimpin yang baik',NULL,NULL,NULL),(1,42,2,'Saya berfikir panjang dan hati-hati',NULL,NULL,NULL),(1,43,1,'Bila ada kesempatan, saya akan memanfaatkannya',NULL,NULL,NULL),(1,43,2,'Saya senang mengurusi hal-hal yang kecil',NULL,NULL,NULL),(1,44,1,'Orang-orang menganggap saya bekerja dengan cepat',NULL,NULL,NULL),(1,44,2,'Orang-orang berpendapat bahwa saya rapi dan teratur',NULL,NULL,NULL),(1,45,1,'Saya suka berolahraga',NULL,NULL,NULL),(1,45,2,'Saya memiliki kepribadian yang menyenangkan',NULL,NULL,NULL),(1,46,1,'Saya senang jika orangdekat dan bersahabat dengan saya',NULL,NULL,NULL),(1,46,2,'Saya selalu berusaha menyelesaikan pekerjaan yang telah saya mulai',NULL,NULL,NULL),(1,47,1,'Saya suka bereksperimen dan mencoba hal-hal yang baru',NULL,NULL,NULL),(1,47,2,'Saya senang menyelesaikan dengan baik pekerjaan yang sulit',NULL,NULL,NULL),(1,48,1,'Saya senang diperlakukan secara adil',NULL,NULL,NULL),(1,48,2,'Saya suka memberitahu orang bagaimana mengerjakan sesuatu',NULL,NULL,NULL),(1,49,1,'Saya suka melakukan apa yang diharapkan dari saya',NULL,NULL,NULL),(1,49,2,'Saya suka bila orang perduli terhadap saya',NULL,NULL,NULL),(1,50,1,'Saya suka penjelasan-penjelasan yang terperinci dalam bekerja',NULL,NULL,NULL),(1,50,2,'Saya senang berada diantara orang-orang',NULL,NULL,NULL),(1,51,1,'Saya selalu berusaha menyelesaikan tugas-tugas secara sempurna',NULL,NULL,NULL),(1,51,2,'Saya adalah orang yang tak mengenal lelah',NULL,NULL,NULL),(1,52,1,'Saya adalah tipe pemimpin',NULL,NULL,NULL),(1,52,2,'Saya mudah bergaul',NULL,NULL,NULL),(1,53,1,'Saya suka mengambil kesempatan-kesempatan yang ada',NULL,NULL,NULL),(1,53,2,'Saya banyak berfikir',NULL,NULL,NULL),(1,54,1,'Saya bekerja dengan tempo yang tinggi dan mantap',NULL,NULL,NULL),(1,54,2,'Saya senang menangani detail suatu pekerjaan',NULL,NULL,NULL),(1,55,1,'Saya memiliki banyak tenaga untuk berolah raga dan bermain',NULL,NULL,NULL),(1,55,2,'Saya merawat barang-barang saya dengan rapi dan teratur',NULL,NULL,NULL),(1,56,1,'Saya dapat bergaul baik dengan semua orang',NULL,NULL,NULL),(1,56,2,'Saya orang yang berwatak tenang',NULL,NULL,NULL),(1,57,1,'Saya suka bertemu dengan orang-orang baru dan melakukan sesuatu yang baru',NULL,NULL,NULL),(1,57,2,'Saya selalu ingin menyelesaikan pekerjaan yang saya mulai',NULL,NULL,NULL),(1,58,1,'Saya biasanya mempertahankan pendapat yang saya yakini',NULL,NULL,NULL),(1,58,2,'Saya biasanya suka bekerja keras',NULL,NULL,NULL),(1,59,1,'Saya menyambut baik saran-saran dari orang yang saya kagumi',NULL,NULL,NULL),(1,59,2,'Saya senang bertanggung jawab atas orang lain',NULL,NULL,NULL),(1,60,1,'Saya membiarkan orang lain mempengaruhi saya',NULL,NULL,NULL),(1,60,2,'Saya senang mendapatkan banyak perhatian',NULL,NULL,NULL),(1,61,1,'Saya biasanya bekerja keras',NULL,NULL,NULL),(1,61,2,'Saya biasanya bekerja cepat',NULL,NULL,NULL),(1,62,1,'Bila saya berbicara orang-orang mendengarkan',NULL,NULL,NULL),(1,62,2,'Saya sangat mahir menggunakan peralatan',NULL,NULL,NULL),(1,63,1,'Saya lamban dalam membuat persahabatan',NULL,NULL,NULL),(1,63,2,'Saya lamban dalam memutuskan sesuatu',NULL,NULL,NULL),(1,64,1,'Saya biasanya makan dengan cepat',NULL,NULL,NULL),(1,64,2,'Saya senang membaca',NULL,NULL,NULL),(1,65,1,'Saya menyukai pekerjaan dimana saya banyak bergerak',NULL,NULL,NULL),(1,65,2,'Saya senang pada pekerjaan yang membutuhkan ketelitian',NULL,NULL,NULL),(1,66,1,'Saya mudah membuat sebanyak mungkin teman',NULL,NULL,NULL),(1,66,2,'Saya mudah menemukan kembali barang-barang yang saya simpan',NULL,NULL,NULL),(1,67,1,'Saya merencanakan sesuatu jauh-jauh sebelumnya',NULL,NULL,NULL),(1,67,2,'Saya selalu menyenangkan',NULL,NULL,NULL),(1,68,1,'Saya menjunjung tinggi nama baik saya',NULL,NULL,NULL),(1,68,2,'Saya memusatkan perhatian pada satu persoalan sampai persoalan tersebut terpecahkan',NULL,NULL,NULL),(1,69,1,'Saya suka menyenangkan orang-orang yang saya hormati dan kagumi',NULL,NULL,NULL),(1,69,2,'Saya ingin sukses dan berhasil',NULL,NULL,NULL),(1,70,1,'Saya senang orang lain yang membuat keputusan untuk kelompok',NULL,NULL,NULL),(1,70,2,'Saya suka membuat keputusan untuk kelompok',NULL,NULL,NULL),(1,71,1,'Saya selalu berusaha keras',NULL,NULL,NULL),(1,71,2,'Saya memutuskan sesuatu dengan mudah dan cepat',NULL,NULL,NULL),(1,72,1,'Kelompok biasanya menjalankan apa yang saya inginkan',NULL,NULL,NULL),(1,72,2,'Saya biasanya berkerja cepat-cepat',NULL,NULL,NULL),(1,73,1,'Saya sering merasa lelah',NULL,NULL,NULL),(1,73,2,'Saya lamban dalam memutuskan sesuatu',NULL,NULL,NULL),(1,74,1,'Saya bekerja dengan cepat',NULL,NULL,NULL),(1,74,2,'Saya mudah berteman',NULL,NULL,NULL),(1,75,1,'Saya biasanya bersemangat dan bergairah',NULL,NULL,NULL),(1,75,2,'Saya memerlukan banyak waktu untuk berfikir',NULL,NULL,NULL),(1,76,1,'Saya sangat ramah kepada orang',NULL,NULL,NULL),(1,76,2,'Saya senang pada pekerjaan yang membutuhkan ketepatan',NULL,NULL,NULL),(1,77,1,'Saya banyak sekali berfikir dan membuat rencana',NULL,NULL,NULL),(1,77,2,'Saya meletakkan segalanya pada tempatnya',NULL,NULL,NULL),(1,78,1,'Saya senang pada pekerjaan yang membutuhkan ketelitian dan detail',NULL,NULL,NULL),(1,78,2,'Saya tidak mudah marah',NULL,NULL,NULL),(1,79,1,'Saya suka menurut pada orang-orang yang saya kagumi',NULL,NULL,NULL),(1,79,2,'Saya selalu menyelesaikan pekerjaan yang telah saya mulai',NULL,NULL,NULL),(1,80,1,'Saya suka mengikuti petunjuk-petunjuk yang jelas',NULL,NULL,NULL),(1,80,2,'Saya senang bekerja keras',NULL,NULL,NULL),(1,81,1,'Saya berusaha mendapatkan apa yang saya inginkan',NULL,NULL,NULL),(1,81,2,'Saya seorang pemimpin yang baik',NULL,NULL,NULL),(1,82,1,'Saya dapat membuat orang lain bekerja keras',NULL,NULL,NULL),(1,82,2,'Saya adalah type orang yang tidak kenal susah',NULL,NULL,NULL),(1,83,1,'Saya mengambil keputusan dengan cepat',NULL,NULL,NULL),(1,83,2,'Saya berbicara dengan cepat',NULL,NULL,NULL),(1,84,1,'Rasanya saya bekerja dengan tergesa-gesa',NULL,NULL,NULL),(1,84,2,'Saya berlatih / berolah raga dengan teratur',NULL,NULL,NULL),(1,85,1,'Saya tidak suka bertemu kebanyakan orang',NULL,NULL,NULL),(1,85,2,'Saya cepat merasa lelah',NULL,NULL,NULL),(1,86,1,'Saya mempunyai banyak sekali teman',NULL,NULL,NULL),(1,86,2,'Saya banyak menghabiskan waktu untuk berfikir',NULL,NULL,NULL),(1,87,1,'Saya suka menerapkan teori-teori dalam bekerja',NULL,NULL,NULL),(1,87,2,'Saya suka mengerjakan sesuatu sampai pada hal-hal yang detail dan jelas',NULL,NULL,NULL),(1,88,1,'Saya suka mengerjakan sesuatu sampai pada hal-hal yang detail dan jelas',NULL,NULL,NULL),(1,88,2,'Saya suka mengatur dan mengorganisir pekerjaan saya',NULL,NULL,NULL),(1,89,1,'Saya meletakkan segalanya pada tempatnya',NULL,NULL,NULL),(1,89,2,'Saya selalu menyenangkan',NULL,NULL,NULL),(1,90,1,'Saya senang diberi petunjuk apa yang harus dikerjakan',NULL,NULL,NULL),(1,90,2,'Saya harus menyelesaikan apa yang saya mulai',NULL,NULL,NULL),(1,91,1,'Saya seorang pekerja giat',NULL,NULL,NULL),(1,91,2,'Saya bukan seorang murung',NULL,NULL,NULL),(2,1,1,'Mudah bergaul| ramah',NULL,'S','S'),(2,1,2,'Penuh kepercayaan percaya kepada orang lain',NULL,'I','I'),(2,1,3,'Petualang| pengambil resiko',NULL,'*','D'),(2,1,4,'Toleran| penuh hormat',NULL,'C','C'),(2,2,1,'Lembut| pendiam',NULL,'C','D'),(2,2,2,'Optimis| pengkhayal',NULL,'D','*'),(2,2,3,'Pusat perhatian| mudah bersosialisasi',NULL,'*','I'),(2,2,4,'Pembuat perdamaian| membawa ketenangan',NULL,'S','S'),(2,3,1,'Mendorong orang lain',NULL,'I','I'),(2,3,2,'Berjuang demi kesempurnaan',NULL,'*','C'),(2,3,3,'Menjadi bagian dari tim',NULL,'*','S'),(2,3,4,'Ingin mencapai tujuan',NULL,'D','C'),(2,4,1,'Menjadi frustasi',NULL,'C','C'),(2,4,2,'Memendam perasaan dalam hati',NULL,'S','S'),(2,4,3,'Menceritakan sisi kehidupan',NULL,'*','I'),(2,4,4,'Berpihak pada oposisi',NULL,'D','D'),(2,5,1,'Hidup cerewet',NULL,'I','*'),(2,5,2,'Bekerja dengan cepat tekun',NULL,'D','D'),(2,5,3,'Mencoba mempertahankan keseimbangan',NULL,'S','S'),(2,5,4,'Mencoba mengikuti atuaran',NULL,'*','C'),(2,6,1,'Mengatur waktu secara efisien',NULL,'C','*'),(2,6,2,'Sering terburu-buru merasa tertekan',NULL,'D','D'),(2,6,3,'Hal-hal social merupakan hal yang penting',NULL,'I','I'),(2,6,4,'Menyelesaikan apa yang telah dimulai',NULL,'S','S'),(2,7,1,'Menolah perubahan mendadak',NULL,'S','*'),(2,7,2,'Cenderung sering berjanji',NULL,'I','I'),(2,7,3,'Menyendiri jika dibawah tekanan',NULL,'*','C'),(2,7,4,'Tidak takut berkelahi',NULL,'*','D'),(2,8,1,'Seorang pendukung yang baik',NULL,'I','I'),(2,8,2,'Seorang pendengar yang baik',NULL,'S','S'),(2,8,3,'Seorang penganalisa yang baik',NULL,'*','*'),(2,8,4,'Seorang delegasi yang baik',NULL,'D','D'),(2,9,1,'Yang penting adalah hasil',NULL,'D','D'),(2,9,2,'Melakukan dengan benar ketepatan dihitung',NULL,'C','C'),(2,9,3,'Buat menjadi menyenangkan',NULL,'*','I'),(2,9,4,'Mari melakukan bersama',NULL,'*','S'),(2,10,1,'Akan melakukan tanpa kontrol diri',NULL,'*','C'),(2,10,2,'Akan membeli berdasarkan hasrat',NULL,'D','D'),(2,10,3,'Akan menunggu tidak ada tekanan',NULL,'S','S'),(2,10,4,'Akan membelanjakan apa yang saya inginkan',NULL,'I','*'),(2,11,1,'Ramah mudah berteman',NULL,'S','*'),(2,11,2,'Unik bosan dengan rutinitas',NULL,'*','I'),(2,11,3,'Aktif mengubah hal-hal',NULL,'D','D'),(2,11,4,'Menginginkan sesuatu yang pasif',NULL,'C','C'),(2,12,1,'Non konfrontasi mengalah',NULL,'*','S'),(2,12,2,'Penuh degan rincian',NULL,'C','*'),(2,12,3,'Perubahan pada menit terakhir',NULL,'I','I'),(2,12,4,'Penuntut perusak',NULL,'D','D'),(2,13,1,'Menginginkan kemajuan',NULL,'D','D'),(2,13,2,'Puas dengan beberapa hal mudah puas',NULL,'S','C'),(2,13,3,'Menggambarkan perasaan secara terbuka',NULL,'I','C'),(2,13,4,'Rendah hati| sederhana',NULL,'*','C'),(2,14,1,'Tenang| pendiam',NULL,'C','C'),(2,14,2,'Bahagia riang',NULL,'I','I'),(2,14,3,'Menyenangkan baik',NULL,'S','*'),(2,14,4,'Tegas| berani',NULL,'D','D'),(2,15,1,'Menghabiskan waktu berharga dengan orang lain',NULL,'S','S'),(2,15,2,'Merencanakan masa depan menyiapkan diri',NULL,'C','*'),(2,15,3,'Perjalanan menuju petualangan baru',NULL,'I','I'),(2,15,4,'Mendapat penghargaan jika mencapai tujuan',NULL,'D','D'),(2,16,1,'Peraturan perlu ditolak',NULL,'*','D'),(2,16,2,'Peraturan membuat adil',NULL,'C','*'),(2,16,3,'Peraturan membuat bosan',NULL,'I','I'),(2,16,4,'Peraturan membuat aman',NULL,'S','S'),(2,17,1,'Pendidikan kebudayaan',NULL,'*','C'),(2,17,2,'Pencapaian penghargaan',NULL,'D','D'),(2,17,3,'Keselamatan keamanan',NULL,'S','S'),(2,17,4,'Social pertemuan kelompok',NULL,'I','*'),(2,18,1,'Bertanggung jawab pendekatan langsung',NULL,'D','D'),(2,18,2,'Mudah bergaul antusias',NULL,'*','I'),(2,18,3,'Mudah ditebak konsisten',NULL,'*','S'),(2,18,4,'Waspada berhati-hati',NULL,'C','*'),(2,19,1,'Tidak mudah dikalahkan',NULL,'D','D'),(2,19,2,'Akan melakukan sesuai perintah mengikuti pemimpin',NULL,'S','*'),(2,19,3,'Riang| ceria',NULL,'I','I'),(2,19,4,'Ingin segalanya teratur rapi',NULL,'*','C'),(2,20,1,'Saya akan pimpin mereka',NULL,'D','*'),(2,20,2,'Saya akan mengikuti',NULL,'S','S'),(2,20,3,'Saya akan bujuk mereka',NULL,'I','I'),(2,20,4,'Saya akan mendapatkan faktanya',NULL,'C','*'),(2,21,1,'Memikirkan orang lain dahulu',NULL,'S','S'),(2,21,2,'Kompetitif| menyukai tantangan',NULL,'D','D'),(2,21,3,'Optimis| positif',NULL,'I','I'),(2,21,4,'Berpikir logis| sistematis',NULL,'*','C'),(2,22,1,'Menyenangkan orang ramah',NULL,'S','S'),(2,22,2,'Tertawa| keras hidup',NULL,'*','I'),(2,22,3,'Berani| tegas',NULL,'D','D'),(2,22,4,'Tenang| pendiam',NULL,'C','C'),(2,23,1,'Menginginkan kekuasaan lebih',NULL,'*','D'),(2,23,2,'Menginginkan kesempatan baru',NULL,'I','*'),(2,23,3,'Menghindari konflik apapun',NULL,'S','S'),(2,23,4,'Menginginkan arah yang jelas',NULL,'*','C'),(2,24,1,'Bisa diandalkan bisa digantungkan',NULL,'*','S'),(2,24,2,'Kreatif| unik',NULL,'I','I'),(2,24,3,'Berorientasi kepada hasil inti',NULL,'D','*'),(2,24,4,'Memegang teguh standar tinggi akurat',NULL,'C','*'),(2,25,1,'Mudah Bergaul, Ramah',NULL,NULL,NULL),(2,25,2,'Penuh Kepercayaan, percaya kepada orang lain',NULL,NULL,NULL),(2,25,3,'Petualang, pengambil resiko',NULL,NULL,NULL),(2,25,4,'Toleran, penuh hormat',NULL,NULL,NULL),(3,1,1,'A piece of new equipment',NULL,NULL,NULL),(3,1,2,'A few new equipment',NULL,NULL,NULL),(3,1,3,'There are some new equipment which',NULL,NULL,NULL),(3,1,4,'A lot of new equipment',NULL,NULL,NULL),(3,2,1,'less of the',NULL,NULL,NULL),(3,2,2,'a few of',NULL,NULL,NULL),(3,2,3,'a few more',NULL,NULL,NULL),(3,2,4,'there were a few',NULL,NULL,NULL),(3,3,1,'many',NULL,NULL,NULL),(3,3,2,'much',NULL,NULL,NULL),(3,3,3,'a lot',NULL,NULL,NULL),(3,3,4,'much of',NULL,NULL,NULL),(3,4,1,'It was in 1607',NULL,NULL,NULL),(3,4,2,'In 1607 that it was',NULL,NULL,NULL),(3,4,3,'That in 1607',NULL,NULL,NULL),(3,4,4,'Because in 1607',NULL,NULL,NULL),(3,5,1,'is',NULL,NULL,NULL),(3,5,2,'have',NULL,NULL,NULL),(3,5,3,'has',NULL,NULL,NULL),(3,5,4,'are',NULL,NULL,NULL),(3,6,1,'were',NULL,NULL,NULL),(3,6,2,'has',NULL,NULL,NULL),(3,6,3,'was',NULL,NULL,NULL),(3,6,4,'have',NULL,NULL,NULL),(3,7,1,'was',NULL,NULL,NULL),(3,7,2,'had',NULL,NULL,NULL),(3,7,3,'is',NULL,NULL,NULL),(3,7,4,'were',NULL,NULL,NULL),(3,8,1,'are coming',NULL,NULL,NULL),(3,8,2,'coming',NULL,NULL,NULL),(3,8,3,'comes',NULL,NULL,NULL),(3,8,4,'is coming',NULL,NULL,NULL),(3,9,1,'are just moved',NULL,NULL,NULL),(3,9,2,'had just moved',NULL,NULL,NULL),(3,9,3,'have just moved',NULL,NULL,NULL),(3,9,4,'will just moved',NULL,NULL,NULL),(3,10,1,'return',NULL,NULL,NULL),(3,10,2,'had return',NULL,NULL,NULL),(3,10,3,'returned',NULL,NULL,NULL),(3,10,4,'did return',NULL,NULL,NULL),(3,11,1,'liking',NULL,NULL,NULL),(3,11,2,'like',NULL,NULL,NULL),(3,11,3,'liked',NULL,NULL,NULL),(3,11,4,'have liked',NULL,NULL,NULL),(3,12,1,'the doctor has came',NULL,NULL,NULL),(3,12,2,'the doctor will came',NULL,NULL,NULL),(3,12,3,'the doctor had come',NULL,NULL,NULL),(3,12,4,'the doctor came',NULL,NULL,NULL),(3,13,1,'have been going',NULL,NULL,NULL),(3,13,2,'have went',NULL,NULL,NULL),(3,13,3,'have been gone',NULL,NULL,NULL),(3,13,4,'going',NULL,NULL,NULL),(3,14,1,'will work',NULL,NULL,NULL),(3,14,2,'was working',NULL,NULL,NULL),(3,14,3,'will have',NULL,NULL,NULL),(3,14,4,'will have worked',NULL,NULL,NULL),(3,15,1,'send',NULL,NULL,NULL),(3,15,2,'had sent',NULL,NULL,NULL),(3,15,3,'have sent',NULL,NULL,NULL),(3,15,4,'was to sent',NULL,NULL,NULL),(3,16,1,'had gone',NULL,NULL,NULL),(3,16,2,'have been going',NULL,NULL,NULL),(3,16,3,'are going',NULL,NULL,NULL),(3,16,4,'had been going',NULL,NULL,NULL),(3,17,1,'twice as much as',NULL,NULL,NULL),(3,17,2,'twice more than',NULL,NULL,NULL),(3,17,3,'as much twice as',NULL,NULL,NULL),(3,17,4,'as much as twice',NULL,NULL,NULL),(3,18,1,'go',NULL,NULL,NULL),(3,18,2,'had gone',NULL,NULL,NULL),(3,18,3,'went',NULL,NULL,NULL),(3,18,4,'were gone',NULL,NULL,NULL),(3,19,1,'was catching',NULL,NULL,NULL),(3,19,2,'caught',NULL,NULL,NULL),(3,19,3,'was caught',NULL,NULL,NULL),(3,19,4,'catch',NULL,NULL,NULL),(3,20,1,'been played',NULL,NULL,NULL),(3,20,2,'been playing',NULL,NULL,NULL),(3,20,3,'playing',NULL,NULL,NULL),(3,20,4,'play',NULL,NULL,NULL),(3,21,1,'is serving',NULL,NULL,NULL),(3,21,2,'server',NULL,NULL,NULL),(3,21,3,'is being served',NULL,NULL,NULL),(3,21,4,'served',NULL,NULL,NULL),(3,22,1,'has been convicted',NULL,NULL,NULL),(3,22,2,'has been convicting',NULL,NULL,NULL),(3,22,3,'has convicted',NULL,NULL,NULL),(3,22,4,'convicted',NULL,NULL,NULL),(3,23,1,'in all',NULL,NULL,NULL),(3,23,2,'from all',NULL,NULL,NULL),(3,23,3,'of all',NULL,NULL,NULL),(3,23,4,'to all',NULL,NULL,NULL),(3,24,1,'worse',NULL,NULL,NULL),(3,24,2,'worst',NULL,NULL,NULL),(3,24,3,'badder',NULL,NULL,NULL),(3,24,4,'so worse',NULL,NULL,NULL),(3,25,1,'more as',NULL,NULL,NULL),(3,25,2,'more than',NULL,NULL,NULL),(3,25,3,'more',NULL,NULL,NULL),(3,25,4,'better',NULL,NULL,NULL),(3,26,1,'more enthusiastic',NULL,NULL,NULL),(3,26,2,'most enthusiastic',NULL,NULL,NULL),(3,26,3,'enthusiastic',NULL,NULL,NULL),(3,26,4,'most enthusiastically',NULL,NULL,NULL),(3,27,1,'must',NULL,NULL,NULL),(3,27,2,'have',NULL,NULL,NULL),(3,27,3,'ought',NULL,NULL,NULL),(3,27,4,'will',NULL,NULL,NULL),(3,28,1,'mustn*t have',NULL,NULL,NULL),(3,28,2,'may not have',NULL,NULL,NULL),(3,28,3,'mustn*t',NULL,NULL,NULL),(3,28,4,'shouldn*t have',NULL,NULL,NULL),(3,29,1,'would have played',NULL,NULL,NULL),(3,29,2,'should have played',NULL,NULL,NULL),(3,29,3,'used to play',NULL,NULL,NULL),(3,29,4,'used to do',NULL,NULL,NULL),(3,30,1,'would rather go',NULL,NULL,NULL),(3,30,2,'would rather have gone',NULL,NULL,NULL),(3,30,3,'would go',NULL,NULL,NULL),(3,30,4,'would rather gone',NULL,NULL,NULL),(3,31,1,'fairly tired',NULL,NULL,NULL),(3,31,2,'fair tired',NULL,NULL,NULL),(3,31,3,'fair tiredly',NULL,NULL,NULL),(3,31,4,'fairly tiredly',NULL,NULL,NULL),(3,32,1,'definite better',NULL,NULL,NULL),(3,32,2,'better defenitely',NULL,NULL,NULL),(3,32,3,'better definite',NULL,NULL,NULL),(3,32,4,'definitely better',NULL,NULL,NULL),(3,33,1,'amazing satisfactory',NULL,NULL,NULL),(3,33,2,'amazingly satisfactory',NULL,NULL,NULL),(3,33,3,'amazing satisfactorily',NULL,NULL,NULL),(3,33,4,'satisfactory amazing',NULL,NULL,NULL),(3,34,1,'honest',NULL,NULL,NULL),(3,34,2,'honestly',NULL,NULL,NULL),(3,34,3,'very',NULL,NULL,NULL),(3,34,4,'really',NULL,NULL,NULL),(3,35,1,'interest',NULL,NULL,NULL),(3,35,2,'interesting',NULL,NULL,NULL),(3,35,3,'interested',NULL,NULL,NULL),(3,35,4,'interestingly',NULL,NULL,NULL),(3,36,1,'amused',NULL,NULL,NULL),(3,36,2,'amusing',NULL,NULL,NULL),(3,36,3,'amused',NULL,NULL,NULL),(3,36,4,'amusingly',NULL,NULL,NULL),(3,37,1,'disappointing',NULL,NULL,NULL),(3,37,2,'disappointedly',NULL,NULL,NULL),(3,37,3,'disappoint',NULL,NULL,NULL),(3,37,4,'disappointed',NULL,NULL,NULL),(3,38,1,'delightful',NULL,NULL,NULL),(3,38,2,'delighting',NULL,NULL,NULL),(3,38,3,'delight',NULL,NULL,NULL),(3,38,4,'delighted',NULL,NULL,NULL),(3,39,1,'about failing',NULL,NULL,NULL),(3,39,2,'to fail',NULL,NULL,NULL),(3,39,3,'with failing',NULL,NULL,NULL),(3,39,4,'to failure',NULL,NULL,NULL),(3,40,1,'Mike got',NULL,NULL,NULL),(3,40,2,'Mike getting',NULL,NULL,NULL),(3,40,3,'Mike*s getting',NULL,NULL,NULL),(3,40,4,'Mike gets',NULL,NULL,NULL),(3,41,1,'them to accept',NULL,NULL,NULL),(3,41,2,'their accepting',NULL,NULL,NULL),(3,41,3,'they accepting',NULL,NULL,NULL),(3,41,4,'they accept',NULL,NULL,NULL),(3,42,1,'of you coming',NULL,NULL,NULL),(3,42,2,'to you coming',NULL,NULL,NULL),(3,42,3,'to your coming',NULL,NULL,NULL),(3,42,4,'of your coming',NULL,NULL,NULL),(3,43,1,'made us',NULL,NULL,NULL),(3,43,2,'caused us',NULL,NULL,NULL),(3,43,3,'had us to',NULL,NULL,NULL),(3,43,4,'forced us',NULL,NULL,NULL),(3,44,1,'you make up',NULL,NULL,NULL),(3,44,2,'that you make up',NULL,NULL,NULL),(3,44,3,'you to make up',NULL,NULL,NULL),(3,44,4,'you making up',NULL,NULL,NULL),(3,45,1,'you make up',NULL,NULL,NULL),(3,45,2,'that you make up',NULL,NULL,NULL),(3,45,3,'you to make up',NULL,NULL,NULL),(3,45,4,'you making up',NULL,NULL,NULL),(3,46,1,'Mark have to do',NULL,NULL,NULL),(3,46,2,'make Mark to do',NULL,NULL,NULL),(3,46,3,'have Mark do',NULL,NULL,NULL),(3,46,4,'have Mark done',NULL,NULL,NULL),(3,47,1,'brought in',NULL,NULL,NULL),(3,47,2,'to bring in',NULL,NULL,NULL),(3,47,3,'bring in',NULL,NULL,NULL),(3,47,4,'bringing in',NULL,NULL,NULL),(3,48,1,'forced made',NULL,NULL,NULL),(3,48,2,'made us',NULL,NULL,NULL),(3,48,3,'caused us',NULL,NULL,NULL),(3,48,4,'convicted',NULL,NULL,NULL),(3,49,1,'them to play',NULL,NULL,NULL),(3,49,2,'them playing',NULL,NULL,NULL),(3,49,3,'they playing',NULL,NULL,NULL),(3,49,4,'them to play',NULL,NULL,NULL),(3,50,1,'let me tell you',NULL,NULL,NULL),(3,50,2,'let me to tell you',NULL,NULL,NULL),(3,50,3,'allow me tell you',NULL,NULL,NULL),(3,50,4,'allow me to told you',NULL,NULL,NULL),(3,51,1,'a piece of new equipment',NULL,NULL,NULL),(3,51,2,'a few new equipment',NULL,NULL,NULL),(3,51,3,'there are some new equipment which',NULL,NULL,NULL),(3,51,4,'a lot of new equipment',NULL,NULL,NULL);
/*!40000 ALTER TABLE `mst_quiz_dtl` ENABLE KEYS */;
UNLOCK TABLES;

--
-- Table structure for table `mst_quiz_hdr`
--

DROP TABLE IF EXISTS `mst_quiz_hdr`;
/*!40101 SET @saved_cs_client     = @@character_set_client */;
/*!50503 SET character_set_client = utf8mb4 */;
CREATE TABLE `mst_quiz_hdr` (
  `id_category` int(11) NOT NULL,
  `id_quiz` int(11) NOT NULL,
  `no_quiz` int(11) NOT NULL,
  `id_type` int(11) NOT NULL,
  `question` text DEFAULT NULL,
  `correct_answer` varchar(45) DEFAULT NULL,
  `quiz_type` char(1) NOT NULL,
  `created_at` datetime DEFAULT NULL,
  `created_by` int(11) DEFAULT NULL,
  `updated_at` datetime DEFAULT NULL,
  `updated_by` int(11) DEFAULT NULL,
  PRIMARY KEY (`id_category`,`id_quiz`,`no_quiz`,`id_type`,`quiz_type`)
) ENGINE=InnoDB DEFAULT CHARSET=utf8mb4 COLLATE=utf8mb4_general_ci;
/*!40101 SET character_set_client = @saved_cs_client */;

--
-- Dumping data for table `mst_quiz_hdr`
--

LOCK TABLES `mst_quiz_hdr` WRITE;
/*!40000 ALTER TABLE `mst_quiz_hdr` DISABLE KEYS */;
INSERT INTO `mst_quiz_hdr` VALUES (0,1,1,0,'Bulan lalu pada awal  tahun ini adalah …','4','L','2024-06-14 00:00:00',1,NULL,NULL),(0,2,2,0,'MENANGKAP adalah lawan kata dari …','2','L','2024-06-14 00:00:00',1,NULL,NULL),(0,3,3,0,'Sebagian besar hal dibawah ini serupa satu sama lain. Manakah salah satu diantaranya yang kurang serupa dengan yang lain?','3','L','2024-06-14 00:00:00',1,NULL,NULL),(0,4,4,1,'Apakah RSVP berarti ‘jawablah yang tidak perlu? Jawablah dengan menuliskan YA atau TIDAK.','TIDAK','L','2024-06-14 00:00:00',1,NULL,NULL),(0,5,5,0,'Dalam kelompok kata berikut| manakah kata yang berbeda dari kata yang lain?','3','L','2024-06-14 00:00:00',1,NULL,NULL),(0,6,6,0,'BIASA adalah lawan kata dari …','1','L','2024-06-14 00:00:00',1,NULL,NULL),(0,7,7,2,'Gambar manakah yang terbuat dari dua gambar di dalam tanda kurung? (Tulislah Angka nya)','3','L','2024-06-14 00:00:00',1,NULL,NULL),(0,8,8,1,'Perhatikan urutan angka berikut. Angka berapa yang selanjutnya muncul?  8  4  2  1   0.5    0.25   …','0.125','L','2024-06-14 00:00:00',1,NULL,NULL),(0,9,9,0,'Klien dan Pelanggan. Apakah kata-kata ini:','1','L','2024-06-14 00:00:00',1,NULL,NULL),(0,10,10,0,'Manakah kata berikut ini yang berhubungan dengan aroma saat gigi mengunyah?','4','L','2024-06-14 00:00:00',1,NULL,NULL),(0,11,11,0,'MUSIM GUGUR adalah lawan dari:','3','L','2024-06-14 00:00:00',1,NULL,NULL),(0,12,12,1,'Sebuah pesawat terbang 300 kaki dalam ½ detik. Pada kecepatan yang sama berapa kaki ia terbang dalam 10 detik?','6000','L','2024-06-14 00:00:00',1,NULL,NULL),(0,13,13,1,'Anggaplah dua pernyataan pertama adalah benar. Anak-anak lelaki ini adalah anak yang normal. Semua anak normal sifatnya aktif. Anak-anak lelaki ini aktif. Apakah yang terakhir: 1. benar   2. salah   3. tidak tahu? (Tulislah Angkanya)','1','L','2024-06-14 00:00:00',1,NULL,NULL),(0,14,14,0,'JAUH adalah lawan kata dari','2','L','2024-06-14 00:00:00',1,NULL,NULL),(0,15,15,1,'3 permen lemon seharga 10 rupiah. Berapa harga ½ lusin?','20','L','2024-06-14 00:00:00',1,NULL,NULL),(0,16,16,0,'Berapa banyak duplikasi yang sama dari lima pasangan angka dibawah ini?\n84721           84721\n9210651      9210561\n14201201    14210210\n96101101    96101161\n88884444    88884444','2','L','2024-06-14 00:00:00',1,NULL,NULL),(0,17,17,1,'Misalkan Anda menyusun kata-kata berikut sehingga menjadi pernyataan yang benar. Lalu tuliskan huruf terakhir dari kata terakhir sebagai jawaban. Selalu   sebuah   kata kerja    kalimat   suatu    memiliki','A','L','2024-06-14 00:00:00',1,NULL,NULL),(0,18,18,1,'Anak lelaki berumur 5 tahun dan saudara perempuannya dua kali lebih tua. Ketika anak lelaki itu berumur 8 tahun. Berapa umur saudara perempuannya?','13','L','2024-06-14 00:00:00',1,NULL,NULL),(0,19,19,0,'IT\'S   ITS    Apakah kata ini?','3','L','2024-06-14 00:00:00',1,NULL,NULL),(0,20,20,1,'Anggaplah dua pernyataan pertama adalah benar. John seusia dengan Sally. Sally lebih muda dari Bill. John lebih muda dari Bill. Apakah pernyataan terakhir:  1. benar  2. salah   3. tidak tahu (Tulislah Angkanya)','1','L','2024-06-14 00:00:00',1,NULL,NULL),(0,21,21,1,'Seorang dealer membeli beberapa barrel seharga 4.000 rupiah. Ia menjual dengan harga 5.000 rupiah| mendapat untung 50 rupiah setiap barrel. Berapa banyak barel yang dijual?','20','L','2024-06-14 00:00:00',1,NULL,NULL),(0,22,22,1,'Misalkan Anda menyusun  kata-kata berikut sehingga menjadi  kalimat lengkap. Jika kalimat itu benar; tulislah (B). Jika salah; tulislah (S).   Telur     menghasilkan    semua    ayam','S','L','2024-06-14 00:00:00',1,NULL,NULL),(0,23,23,0,'Dua dari peribahasa berikut ini memiliki arti sama. Manakah itu? \n1.  Semakin banyak memiliki sapi| akan memiliki satu anak sapi yang buruk.\n2.  Anak seperti Ayahnya.\n3.  Bila tertinggal sama jauhnya dengan satu mil\n4.  Seorang dikenal dari persahabatan yang dijalin\n5 . Mereka adalah benih dari mangkuk yang sama.','2','L','2024-06-14 00:00:00',1,NULL,NULL),(0,24,24,1,'Sebuah jam terlambat 1 menit 18 detik dalam 39 hari. Berapa detik ia terlambat dalam sehari?','2','L','2024-06-14 00:00:00',1,NULL,NULL),(0,25,25,0,'CANVASS    CANVAS    Apakah kata-kata ini :','3','L','2024-06-14 00:00:00',1,NULL,NULL),(0,26,26,1,'Anggaplah dua pernyataan pertama adalah benar. Semua siswa mengikuti ujian. Beberapa orang diruangan ini adalah siswa. Beberapa orang diruangan ini mengikuti ujian. Pernyataan terakhir:  1. benar   2. salah   3. tidak tahu (Tulislah Angkanya)','1','L','2024-06-14 00:00:00',1,NULL,NULL),(0,27,27,1,'Dalam 30 hari seorang menabung 1 dolar.  Berapa rata-rata tabungannya setiap hari?','0.033','L','2024-06-14 00:00:00',1,NULL,NULL),(0,28,28,0,'INGENIOUS   INGENUOUS   Apakah kata-kata ini','3','L','2024-06-14 00:00:00',1,NULL,NULL),(0,29,29,1,'Dua orang menangkap 36 ikan. X menangkap 5 kali lebih banyak dari Y. Berapa ikan yang ditangkap Y?','6','L','2024-06-14 00:00:00',1,NULL,NULL),(0,30,30,1,'Sebuah kotak segi empat| yang terisi penuh| memuat 800 kubik kaki gandum. Jika satu kotak lebarnya 8 kaki dan panjangnya 10 kaki| berapa kedalaman  kotak itu?','10','L','2024-06-14 00:00:00',1,NULL,NULL),(0,31,31,0,'Satu angka dari rangkaian berikut tidak cocok dengan pola angka yang lainnya. Angka berapakah itu?','5','L','2024-06-14 00:00:00',1,NULL,NULL),(0,32,32,1,'Jawablah pertanyaan ini dengan menulis YA atau TIDAK. Apakah P.M. berarti ‘post merediem’?','YA','L','2024-06-14 00:00:00',1,NULL,NULL),(0,33,33,0,'DAPAT DIPERCAYA    GAMPANG PERCAYA    Apakah kata-kata ini','3','L','2024-06-14 00:00:00',1,NULL,NULL),(0,34,34,1,'Sebuah rok membutuhkan 2 ¼ meter  kain. Berapa banyak potong yang dihasilkan dari 45 meter kain?','20','L','2024-06-14 00:00:00',1,NULL,NULL),(0,35,35,1,'Sebuah jam menunjuk tepat pada pukul 12 siang hari pada hari Senin. Pada pukul 2 siang|hari Rabu| jam itu terlambat.\n26 detik. Pada rata-rata yang sama| berapa banyak jam itu terlambat dalam ½ jam?','0.25','L','2024-06-14 00:00:00',1,NULL,NULL),(0,36,36,1,'Tim bisbol kami kalah 9 permainan dalam musim ini. Ini merupakan 3/8 bagian dari semua pertandingan mereka. Berapa banyak pertandingan yang mereka mainkan dalam musim kompetisi saat ini?','24','L','2024-06-14 00:00:00',1,NULL,NULL),(0,37,37,1,'Apakah angka selanjutnya dari seri ini?   1   0.5   0.25    0.125    ?','0.0625','L','2024-06-14 00:00:00',1,NULL,NULL),(0,38,38,2,'Bentuk geometris ini dapat dibagi oleh suatu garis lurus  menjadi dua bagian yang dapat disatukan dengan suatu cara hingga membentuk bujur sangkar yang sempurna. Gambarlah garis yang menghubungkan dua dari angka-angka yang ada. Lalu tuliskan angka tersebut sebagai jawabannya.','6,9','L','2024-06-14 00:00:00',1,NULL,NULL),(0,39,39,0,'Apakah arti dari kalimat berikut: Sebuah sapu yang baru menyapu dengan bersih. Sepatu yang sudah lama sifatnya makin lunak.','2','L','2024-06-14 00:00:00',1,NULL,NULL),(0,40,40,0,'Berapa duplikasi dari pasangan kata berikut ini? \nRexford| J.D.        Rockford| J.D\nSingleton| M.O.   Simbleten| M.O.\nRichards| W.E.     Richad| W.E.  \nSiegel| A.B.           Seigel| A.B.\nWood| A.O.          Wood| A.O.','1','L','2024-06-14 00:00:00',1,NULL,NULL),(0,41,41,0,'Dua dari peribahasa ini memiliki makna yang serupa. Manakah itu?\n1. Anda tidak dapat membuat dompet sutra dari kuping  babi betina.\n2. Orang yang mencuri telur akan mencuri sapi.\n3. Batu yang berguling tidak akan mengumpulkan lumut\n4. Anda tidak mungkin menghancurkan kapal yang sudah rusak.\n5. Ini ketidakmungkinan yang terjadi.','4','L','2024-06-14 00:00:00',1,NULL,NULL),(0,42,42,2,'Gambar geometris ini dapat dibagi dengan garis lurus menjadi dua bagian yang dapat disatukan untuk membentuk sebuah bujur sangkar yang sempurna. Gambarlah suatu garis dengan menghubungkan dua angka. Lalu tulislah angka itu sebagai jawaban','3,22','L','2024-06-14 00:00:00',1,NULL,NULL),(0,43,43,0,'Dalam kelompok angka berikut ini| manakah angka yang terkecil?','4','L','2024-06-14 00:00:00',1,NULL,NULL),(0,44,44,0,'Apakah makna dari kalimat berikut: Tidak ada orang jujur  meminta maaf atas kejujurannya. Kejujuran dihormati dan lapar pujian.','2','L','2024-06-14 00:00:00',1,NULL,NULL),(0,45,45,1,'Dengan harga 1.80 dolar| seorang grosir membeli satu kardus buah yang berisi 12 lusin. Ia tahu dua lusin akan \nbusuk sebelum dia menjualnya. Dengan harga berapa per lusin dia harus menjual jeruk itu untuk mendapat 1/3 hari harga seluruhnya?','24','L','2024-06-14 00:00:00',1,NULL,NULL),(0,46,46,0,'Dalam rangkaian kata berikut ini| manakah kata yang berbeda dari yang lainnya?','2','L','2024-06-14 00:00:00',1,NULL,NULL),(0,47,47,1,'Anggaplah dua pernyataan pertama ini benar. Orang besar dibodohi. Saya dibodohi. Saya adalah orang besar. Apakah pertanyaan terakhir:  1. benar    2. salah    3. tidak tahu (Tulislah Angkanya)','3','L','2024-06-14 00:00:00',1,NULL,NULL),(0,48,48,1,'Tiga orang membentuk kemitraan dan setuju membagi keuntungan secara rata. X menginvestasi 4|500 dolar. Y sebesar 3.500 dolar dan Z sebesar 2.000 dolar. Jika keuntungan mencapai 1.500 dolar| lebih kurang berapa yang akan diperoleh X dibanding jika keuntungan dibagi berdasarkan besarnya investasi?','175','L','2024-06-14 00:00:00',1,NULL,NULL),(0,49,49,2,'Empat dari 5 bagian ini dapat gabungkan untuk membuat segi tiga. Manakah keempat gambar ini?','1,2,4,5','L','2024-06-14 00:00:00',1,NULL,NULL),(0,50,50,1,'Untuk mencetak sebuah artikel berisi 30.000 kata| sebuah percetakan memutuskan untuk memakai dua ukuran jenis. Dengan menggunakan tipe yang lebih besar| sebuah halaman tercetak akan memuat 1.200 kata. Dengan tipe yang lebih kecil| sebuah halaman memuat 1.500 kata. Artikel ini masuk dalam 22 halaman di majalah. Berapa banyak halaman yang dibutuhkan untuk tipe yang lebih kecil?','12','L','2024-06-14 00:00:00',1,NULL,NULL),(0,51,1,0,'Ada berapa hari dalam 1 minggu?','3','E','2024-06-14 00:00:00',1,NULL,NULL),(0,52,2,1,'Berapakah hasil dari: 35 + 89 x 0 + 65?','100','E','2024-06-14 00:00:00',1,NULL,NULL),(1,1,1,0,'','','L','2024-06-14 00:00:00',1,NULL,NULL),(1,2,2,0,'','','L','2024-06-14 00:00:00',1,NULL,NULL),(1,3,3,0,'','','L','2024-06-14 00:00:00',1,NULL,NULL),(1,4,4,0,'','','L','2024-06-14 00:00:00',1,NULL,NULL),(1,5,5,0,'','','L','2024-06-14 00:00:00',1,NULL,NULL),(1,6,6,0,'','','L','2024-06-14 00:00:00',1,NULL,NULL),(1,7,7,0,'','','L','2024-06-14 00:00:00',1,NULL,NULL),(1,8,8,0,'','','L','2024-06-14 00:00:00',1,NULL,NULL),(1,9,9,0,'','','L','2024-06-14 00:00:00',1,NULL,NULL),(1,10,10,0,'','','L','2024-06-14 00:00:00',1,NULL,NULL),(1,11,11,0,'','','L','2024-06-14 00:00:00',1,NULL,NULL),(1,12,12,0,'','','L','2024-06-14 00:00:00',1,NULL,NULL),(1,13,13,0,'','','L','2024-06-14 00:00:00',1,NULL,NULL),(1,14,14,0,'','','L','2024-06-14 00:00:00',1,NULL,NULL),(1,15,15,0,'','','L','2024-06-14 00:00:00',1,NULL,NULL),(1,16,16,0,'','','L','2024-06-14 00:00:00',1,NULL,NULL),(1,17,17,0,'','','L','2024-06-14 00:00:00',1,NULL,NULL),(1,18,18,0,'','','L','2024-06-14 00:00:00',1,NULL,NULL),(1,19,19,0,'','','L','2024-06-14 00:00:00',1,NULL,NULL),(1,20,20,0,'','','L','2024-06-14 00:00:00',1,NULL,NULL),(1,21,21,0,'','','L','2024-06-14 00:00:00',1,NULL,NULL),(1,22,22,0,'','','L','2024-06-14 00:00:00',1,NULL,NULL),(1,23,23,0,'','','L','2024-06-14 00:00:00',1,NULL,NULL),(1,24,24,0,'','','L','2024-06-14 00:00:00',1,NULL,NULL),(1,25,25,0,'','','L','2024-06-14 00:00:00',1,NULL,NULL),(1,26,26,0,'','','L','2024-06-14 00:00:00',1,NULL,NULL),(1,27,27,0,'','','L','2024-06-14 00:00:00',1,NULL,NULL),(1,28,28,0,'','','L','2024-06-14 00:00:00',1,NULL,NULL),(1,29,29,0,'','','L','2024-06-14 00:00:00',1,NULL,NULL),(1,30,30,0,'','','L','2024-06-14 00:00:00',1,NULL,NULL),(1,31,31,0,'','','L','2024-06-14 00:00:00',1,NULL,NULL),(1,32,32,0,'','','L','2024-06-14 00:00:00',1,NULL,NULL),(1,33,33,0,'','','L','2024-06-14 00:00:00',1,NULL,NULL),(1,34,34,0,'','','L','2024-06-14 00:00:00',1,NULL,NULL),(1,35,35,0,'','','L','2024-06-14 00:00:00',1,NULL,NULL),(1,36,36,0,'','','L','2024-06-14 00:00:00',1,NULL,NULL),(1,37,37,0,'','','L','2024-06-14 00:00:00',1,NULL,NULL),(1,38,38,0,'','','L','2024-06-14 00:00:00',1,NULL,NULL),(1,39,39,0,'','','L','2024-06-14 00:00:00',1,NULL,NULL),(1,40,40,0,'','','L','2024-06-14 00:00:00',1,NULL,NULL),(1,41,41,0,'','','L','2024-06-14 00:00:00',1,NULL,NULL),(1,42,42,0,'','','L','2024-06-14 00:00:00',1,NULL,NULL),(1,43,43,0,'','','L','2024-06-14 00:00:00',1,NULL,NULL),(1,44,44,0,'','','L','2024-06-14 00:00:00',1,NULL,NULL),(1,45,45,0,'','','L','2024-06-14 00:00:00',1,NULL,NULL),(1,46,46,0,'','','L','2024-06-14 00:00:00',1,NULL,NULL),(1,47,47,0,'','','L','2024-06-14 00:00:00',1,NULL,NULL),(1,48,48,0,'','','L','2024-06-14 00:00:00',1,NULL,NULL),(1,49,49,0,'','','L','2024-06-14 00:00:00',1,NULL,NULL),(1,50,50,0,'','','L','2024-06-14 00:00:00',1,NULL,NULL),(1,51,51,0,'','','L','2024-06-14 00:00:00',1,NULL,NULL),(1,52,52,0,'','','L','2024-06-14 00:00:00',1,NULL,NULL),(1,53,53,0,'','','L','2024-06-14 00:00:00',1,NULL,NULL),(1,54,54,0,'','','L','2024-06-14 00:00:00',1,NULL,NULL),(1,55,55,0,'','','L','2024-06-14 00:00:00',1,NULL,NULL),(1,56,56,0,'','','L','2024-06-14 00:00:00',1,NULL,NULL),(1,57,57,0,'','','L','2024-06-14 00:00:00',1,NULL,NULL),(1,58,58,0,'','','L','2024-06-14 00:00:00',1,NULL,NULL),(1,59,59,0,'','','L','2024-06-14 00:00:00',1,NULL,NULL),(1,60,60,0,'','','L','2024-06-14 00:00:00',1,NULL,NULL),(1,61,61,0,'','','L','2024-06-14 00:00:00',1,NULL,NULL),(1,62,62,0,'','','L','2024-06-14 00:00:00',1,NULL,NULL),(1,63,63,0,'','','L','2024-06-14 00:00:00',1,NULL,NULL),(1,64,64,0,'','','L','2024-06-14 00:00:00',1,NULL,NULL),(1,65,65,0,'','','L','2024-06-14 00:00:00',1,NULL,NULL),(1,66,66,0,'','','L','2024-06-14 00:00:00',1,NULL,NULL),(1,67,67,0,'','','L','2024-06-14 00:00:00',1,NULL,NULL),(1,68,68,0,'','','L','2024-06-14 00:00:00',1,NULL,NULL),(1,69,69,0,'','','L','2024-06-14 00:00:00',1,NULL,NULL),(1,70,70,0,'','','L','2024-06-14 00:00:00',1,NULL,NULL),(1,71,71,0,'','','L','2024-06-14 00:00:00',1,NULL,NULL),(1,72,72,0,'','','L','2024-06-14 00:00:00',1,NULL,NULL),(1,73,73,0,'','','L','2024-06-14 00:00:00',1,NULL,NULL),(1,74,74,0,'','','L','2024-06-14 00:00:00',1,NULL,NULL),(1,75,75,0,'','','L','2024-06-14 00:00:00',1,NULL,NULL),(1,76,76,0,'','','L','2024-06-14 00:00:00',1,NULL,NULL),(1,77,77,0,'','','L','2024-06-14 00:00:00',1,NULL,NULL),(1,78,78,0,'','','L','2024-06-14 00:00:00',1,NULL,NULL),(1,79,79,0,'','','L','2024-06-14 00:00:00',1,NULL,NULL),(1,80,80,0,'','','L','2024-06-14 00:00:00',1,NULL,NULL),(1,81,81,0,'','','L','2024-06-14 00:00:00',1,NULL,NULL),(1,82,82,0,'','','L','2024-06-14 00:00:00',1,NULL,NULL),(1,83,83,0,'','','L','2024-06-14 00:00:00',1,NULL,NULL),(1,84,84,0,'','','L','2024-06-14 00:00:00',1,NULL,NULL),(1,85,85,0,'','','L','2024-06-14 00:00:00',1,NULL,NULL),(1,86,86,0,'','','L','2024-06-14 00:00:00',1,NULL,NULL),(1,87,87,0,'','','L','2024-06-14 00:00:00',1,NULL,NULL),(1,88,88,0,'','','L','2024-06-14 00:00:00',1,NULL,NULL),(1,89,89,0,'','','L','2024-06-14 00:00:00',1,NULL,NULL),(1,90,90,0,'','','L','2024-06-14 00:00:00',1,NULL,NULL),(1,91,1,0,'','','E','2024-06-14 00:00:00',1,NULL,NULL),(2,1,1,0,'','','L','2024-06-14 00:00:00',1,NULL,NULL),(2,2,2,0,'','','L','2024-06-14 00:00:00',1,NULL,NULL),(2,3,3,0,'','','L','2024-06-14 00:00:00',1,NULL,NULL),(2,4,4,0,'','','L','2024-06-14 00:00:00',1,NULL,NULL),(2,5,5,0,'','','L','2024-06-14 00:00:00',1,NULL,NULL),(2,6,6,0,'','','L','2024-06-14 00:00:00',1,NULL,NULL),(2,7,7,0,'','','L','2024-06-14 00:00:00',1,NULL,NULL),(2,8,8,0,'','','L','2024-06-14 00:00:00',1,NULL,NULL),(2,9,9,0,'','','L','2024-06-14 00:00:00',1,NULL,NULL),(2,10,10,0,'','','L','2024-06-14 00:00:00',1,NULL,NULL),(2,11,11,0,'','','L','2024-06-14 00:00:00',1,NULL,NULL),(2,12,12,0,'','','L','2024-06-14 00:00:00',1,NULL,NULL),(2,13,13,0,'','','L','2024-06-14 00:00:00',1,NULL,NULL),(2,14,14,0,'','','L','2024-06-14 00:00:00',1,NULL,NULL),(2,15,15,0,'','','L','2024-06-14 00:00:00',1,NULL,NULL),(2,16,16,0,'','','L','2024-06-14 00:00:00',1,NULL,NULL),(2,17,17,0,'','','L','2024-06-14 00:00:00',1,NULL,NULL),(2,18,18,0,'','','L','2024-06-14 00:00:00',1,NULL,NULL),(2,19,19,0,'','','L','2024-06-14 00:00:00',1,NULL,NULL),(2,20,20,0,'','','L','2024-06-14 00:00:00',1,NULL,NULL),(2,21,21,0,'','','L','2024-06-14 00:00:00',1,NULL,NULL),(2,22,22,0,'','','L','2024-06-14 00:00:00',1,NULL,NULL),(2,23,23,0,'','','L','2024-06-14 00:00:00',1,NULL,NULL),(2,24,24,0,'','','L','2024-06-14 00:00:00',1,NULL,NULL),(2,25,1,0,' ',' ','E','2024-06-18 00:00:00',1,NULL,NULL),(3,1,1,0,'... has just arrived.','4','L','2024-06-14 00:00:00',1,NULL,NULL),(3,2,2,0,'…....... Students enrolled this year than last year.','3','L','2024-06-14 00:00:00',1,NULL,NULL),(3,3,3,0,'You don*t hear …....... News about Mr. Allen these days.','2','L','2024-06-14 00:00:00',1,NULL,NULL),(3,4,4,0,'…....... that the English settled in Jamestown. ','1','L','2024-06-14 00:00:00',1,NULL,NULL),(3,5,5,0,'\"Who …....... been planning the dance?\"','3','L','2024-06-14 00:00:00',1,NULL,NULL),(3,6,6,0,'\"How much money did you spend?\" | \"As much as there ….......\"','3','L','2024-06-14 00:00:00',1,NULL,NULL),(3,7,7,0,'\"Did you hear about the fire down the street?\" | \"There …....... a lot of news about it on TV last night.\"','1','L','2024-06-14 00:00:00',1,NULL,NULL),(3,8,8,0,'\"Why are you buying all that food?\" | \"Because my friends ….......\"','1','L','2024-06-14 00:00:00',1,NULL,NULL),(3,9,9,0,'\"Are Susan and Tom still living in New York?\" | \"No, they …....... to Dallas.\"','3','L','2024-06-14 00:00:00',1,NULL,NULL),(3,10,10,0,'\"Where is the new stove that you bought yesterday?\" | \"The color didn*t match, so I …....... it to the store.\"','3','L','2024-06-14 00:00:00',1,NULL,NULL),(3,11,11,0,'\"You and Carl seem to be getting along well.\" | \"Yes, I …....... him better than before.\"','2','L','2024-06-14 00:00:00',1,NULL,NULL),(3,12,12,0,'\"How are you feeling?\" | \"I*ve been feeling better since ….......\"','4','L','2024-06-14 00:00:00',1,NULL,NULL),(3,13,13,0,'\"Isn*t it hard to drive downtown to work?\" | \"Yes, that*s why I …....... to work by train.\"','1','L','2024-06-14 00:00:00',1,NULL,NULL),(3,14,14,0,'\"How long have you been with the company?\" | \"I …....... there two years by January.\"','4','L','2024-06-14 00:00:00',1,NULL,NULL),(3,15,15,0,'\"When are you planning to send the memo to the staff?\" | \"I …....... It already.\"','3','L','2024-06-14 00:00:00',1,NULL,NULL),(3,16,16,0,'\"Betty told me that you have a cottage on Lake Superior.\" | \"Yes, we …....... there since we first moved to Michigan.\"','2','L','2024-06-14 00:00:00',1,NULL,NULL),(3,17,17,0,'Staying in a hotel costs …....... renting a room in a dormitory for a week.\"','1','L','2024-06-14 00:00:00',1,NULL,NULL),(3,18,18,0,'\"Where are Ken and Margaret?\" | \"They were hungry, so they …....... to the grocery.\"','3','L','2024-06-14 00:00:00',1,NULL,NULL),(3,19,19,0,'\"The longest fish in the contest was eighteen inches long.\" | \"It …....... by Thelma Rivers.\"','3','L','2024-06-14 00:00:00',1,NULL,NULL),(3,20,20,0,'\"I heard you decided to take up tennis.\" | \"Yes, I have …....... every day.\"','2','L','2024-06-14 00:00:00',1,NULL,NULL),(3,21,21,0,'\"Are we*re going to have dinner?\" | \"Yes, it …....... In the dining room.\"','3','L','2024-06-14 00:00:00',1,NULL,NULL),(3,22,22,0,'\"Why is Stanley in jail?\" | \"He …....... of robbery.\"','1','L','2024-06-14 00:00:00',1,NULL,NULL),(3,23,23,0,'\"Would you like to comment on Ann*s qualifications?\" | \"…....... the people in the company, Ann is the most skilled.\"','3','L','2024-06-14 00:00:00',1,NULL,NULL),(3,24,24,0,'\"John*s grades are really bad.\" | \"Yes, but Tim*s are ….......\"','1','L','2024-06-14 00:00:00',1,NULL,NULL),(3,25,25,0,'\"Which dress do you think I should wear to the party?\" | \" I like the blue one …....... The others.\"','2','L','2024-06-14 00:00:00',1,NULL,NULL),(3,26,26,0,'\"Jane doesn*t seem interested in learning to swim.\" | \"You*re right. Betty is the …....... of the two.\"','2','L','2024-06-14 00:00:00',1,NULL,NULL),(3,27,27,0,'\"when do you think the newspaper will come?\" | \" It …....... to be here any minute now.\"','3','L','2024-06-14 00:00:00',1,NULL,NULL),(3,28,28,0,'\"Did you walk home by yourself last night?\" | \"Yes, I did. But I guess I …....... \"','4','L','2024-06-14 00:00:00',1,NULL,NULL),(3,29,29,0,'\"Have you ever played bridge?\" | \"Yes, we …....... all the time when I was in college.\"','3','L','2024-06-14 00:00:00',1,NULL,NULL),(3,30,30,0,'\"Did you stay home last night?\" | \"Yes, but I …....... Dancing.\"','2','L','2024-06-14 00:00:00',1,NULL,NULL),(3,31,31,0,'\"I don*t think John looks well.\" | \"He seems …....... \"','1','L','2024-06-14 00:00:00',1,NULL,NULL),(3,32,32,0,'Which do you prefer-the blue china or the white china?\" | \"The white china is …....... \"','4','L','2024-06-14 00:00:00',1,NULL,NULL),(3,33,33,0,'\"Were you pleased with the translation?\"','2','L','2024-06-14 00:00:00',1,NULL,NULL),(3,34,34,0,'\"What was your impression of last night*s lecture?\" | \" …....... speaking, I thought it was ther boring.\"','2','L','2024-06-14 00:00:00',1,NULL,NULL),(3,35,35,0,'\"Do you think Margaret will take the job you offered her?\" | \"I don*t know. She seemed …....... In it, however.\"','3','L','2024-06-14 00:00:00',1,NULL,NULL),(3,36,36,0,'\"The students all went to the circus yesterday.\" | \"I heard it was really …....... \"','2','L','2024-06-14 00:00:00',1,NULL,NULL),(3,37,37,0,'\"I was …....... That Jan couldn*t come to the party.\" | \"Her boss made her work overtime.\"','4','L','2024-06-14 00:00:00',1,NULL,NULL),(3,38,38,0,'\"What a terrible football game!\" | \"I thought it was …....... \"','1','L','2024-06-14 00:00:00',1,NULL,NULL),(3,39,39,0,'\"I\'m worried …....... my final exam in statistics.\"','1','L','2024-06-14 00:00:00',1,NULL,NULL),(3,40,40,0,'…....... the scholarship really surprised me.','3','L','2024-06-14 00:00:00',1,NULL,NULL),(3,41,41,0,'When friends insist on …....... Expensive gifts, it makes most Americans uncomfortable.','2','L','2024-06-14 00:00:00',1,NULL,NULL),(3,42,42,0,'\"May I have a word with you, Mrs. Adams?\" | \"Is this in regard …....... Late yesterday?\"','3','L','2024-06-14 00:00:00',1,NULL,NULL),(3,43,43,0,'\"Why are you mad, Kathrine?\" | \"That traffic jam …....... he late.\"','1','L','2024-06-14 00:00:00',1,NULL,NULL),(3,44,44,0,'\"My mother says I can*t marry Jim.\" | \"She should let …....... Your own mind.\"','1','L','2024-06-14 00:00:00',1,NULL,NULL),(3,45,45,0,'\"My mother says I can*t marry Jim.\" | \"She should let …....... Your own mind.\"','1','L','2024-06-14 00:00:00',1,NULL,NULL),(3,46,46,0,'\"I can*t open the top of this apple juice.\" | \"…....... It.\"','3','L','2024-06-14 00:00:00',1,NULL,NULL),(3,47,47,0,'Have the movers …....... the bedroom furniture first.','3','L','2024-06-14 00:00:00',1,NULL,NULL),(3,48,48,0,'Do you know what …....... so many people evacuate their homes?','2','L','2024-06-14 00:00:00',1,NULL,NULL),(3,49,49,0,'\"Where are the children?\" | \"I saw …....... In the yard.\"','2','L','2024-06-14 00:00:00',1,NULL,NULL),(3,50,50,0,'\"Look at his car! What a mess!\" | \" …....... what happened.\"','1','L','2024-06-14 00:00:00',1,NULL,NULL),(3,51,1,0,'…...... has just arrived.','1','E','2024-06-14 00:00:00',1,NULL,NULL);
/*!40000 ALTER TABLE `mst_quiz_hdr` ENABLE KEYS */;
UNLOCK TABLES;

--
-- Table structure for table `mst_role`
--

DROP TABLE IF EXISTS `mst_role`;
/*!40101 SET @saved_cs_client     = @@character_set_client */;
/*!50503 SET character_set_client = utf8mb4 */;
CREATE TABLE `mst_role` (
  `id_role` int(11) NOT NULL,
  `code` char(3) DEFAULT NULL,
  `description` varchar(255) DEFAULT NULL,
  PRIMARY KEY (`id_role`)
) ENGINE=InnoDB DEFAULT CHARSET=utf8mb4 COLLATE=utf8mb4_general_ci;
/*!40101 SET character_set_client = @saved_cs_client */;

--
-- Dumping data for table `mst_role`
--

LOCK TABLES `mst_role` WRITE;
/*!40000 ALTER TABLE `mst_role` DISABLE KEYS */;
INSERT INTO `mst_role` VALUES (0,'SA','Super Admin'),(1,'ADM','Administrator'),(2,'GST','Guest');
/*!40000 ALTER TABLE `mst_role` ENABLE KEYS */;
UNLOCK TABLES;

--
-- Table structure for table `mst_status`
--

DROP TABLE IF EXISTS `mst_status`;
/*!40101 SET @saved_cs_client     = @@character_set_client */;
/*!50503 SET character_set_client = utf8mb4 */;
CREATE TABLE `mst_status` (
  `code_status` char(3) NOT NULL,
  `description` varchar(45) DEFAULT NULL,
  PRIMARY KEY (`code_status`)
) ENGINE=InnoDB DEFAULT CHARSET=utf8mb4 COLLATE=utf8mb4_general_ci;
/*!40101 SET character_set_client = @saved_cs_client */;

--
-- Dumping data for table `mst_status`
--

LOCK TABLES `mst_status` WRITE;
/*!40000 ALTER TABLE `mst_status` DISABLE KEYS */;
INSERT INTO `mst_status` VALUES ('001','Aktif'),('002','Tidak Aktif'),('003','Saved'),('004','Submit');
/*!40000 ALTER TABLE `mst_status` ENABLE KEYS */;
UNLOCK TABLES;

--
-- Table structure for table `mst_user`
--

DROP TABLE IF EXISTS `mst_user`;
/*!40101 SET @saved_cs_client     = @@character_set_client */;
/*!50503 SET character_set_client = utf8mb4 */;
CREATE TABLE `mst_user` (
  `id_user` int(11) NOT NULL,
  `name` varchar(255) DEFAULT NULL,
  `pendidikan` varchar(255) DEFAULT NULL,
  `jabatan` varchar(255) DEFAULT NULL,
  `masa_kerja` varchar(5) DEFAULT NULL,
  `tujuan_tes` varchar(255) DEFAULT NULL,
  `tmpt_lahir` varchar(45) DEFAULT NULL,
  `tgl_lahir` datetime DEFAULT NULL,
  `umur` int(11) DEFAULT NULL,
  `created_at` datetime DEFAULT NULL,
  `updated_at` datetime DEFAULT NULL,
  PRIMARY KEY (`id_user`)
) ENGINE=InnoDB DEFAULT CHARSET=utf8mb4 COLLATE=utf8mb4_general_ci;
/*!40101 SET character_set_client = @saved_cs_client */;

--
-- Dumping data for table `mst_user`
--

LOCK TABLES `mst_user` WRITE;
/*!40000 ALTER TABLE `mst_user` DISABLE KEYS */;
INSERT INTO `mst_user` VALUES (2,'Agus Bahami','S1','Pengalaman','1-3','-','Jakarta','1996-06-24 00:00:00',NULL,'2024-06-13 20:40:42',NULL),(4,'Yohana Octaviani','S1','HR MANAGER','>5','-','Bogor','1992-10-05 00:00:00',NULL,'2024-06-18 21:29:54',NULL),(5,'Junanda',NULL,NULL,NULL,NULL,NULL,NULL,NULL,NULL,NULL),(7,NULL,'S1','-','<1','-','Tangerang','1998-08-19 00:00:00',NULL,'2024-06-24 15:34:11',NULL),(8,'Test','S1','-','<1','-','Tegal','2005-06-29 00:00:00',19,'2024-06-26 09:56:15','2024-06-26 10:00:47');
/*!40000 ALTER TABLE `mst_user` ENABLE KEYS */;
UNLOCK TABLES;

--
-- Table structure for table `mst_user_login`
--

DROP TABLE IF EXISTS `mst_user_login`;
/*!40101 SET @saved_cs_client     = @@character_set_client */;
/*!50503 SET character_set_client = utf8mb4 */;
CREATE TABLE `mst_user_login` (
  `id_user` int(11) NOT NULL,
  `id_merchant` int(11) DEFAULT NULL,
  `username` varchar(45) DEFAULT NULL,
  `email` varchar(255) DEFAULT NULL,
  `password` varchar(255) DEFAULT NULL,
  `password2` varchar(255) DEFAULT NULL,
  `remember_token` varchar(255) DEFAULT NULL,
  `email_verified_at` datetime DEFAULT NULL,
  `id_role` int(11) DEFAULT NULL,
  `code_status` char(3) DEFAULT NULL,
  `start_date` datetime DEFAULT NULL,
  `end_date` datetime DEFAULT NULL,
  `created_at` datetime DEFAULT NULL,
  `created_by` int(11) DEFAULT NULL,
  PRIMARY KEY (`id_user`)
) ENGINE=InnoDB DEFAULT CHARSET=utf8mb4 COLLATE=utf8mb4_general_ci;
/*!40101 SET character_set_client = @saved_cs_client */;

--
-- Dumping data for table `mst_user_login`
--

LOCK TABLES `mst_user_login` WRITE;
/*!40000 ALTER TABLE `mst_user_login` DISABLE KEYS */;
INSERT INTO `mst_user_login` VALUES (1,NULL,'super_admin','superadmin@gmail.com','$2y$12$vrO9tn6ST8QLUv3NeZYcguKpCqZYIdMc.LaRZtP.vkhuFRXyLDai2','123456',NULL,NULL,0,'001',NULL,NULL,'2024-06-13 00:00:00',1),(2,1,'Agus Bahami','agus_bahami@gmail.com','$2y$12$8GEyA7g1grcFzYXEmpIzRuEhCErHs/LTWfjNv7fqLJ76kthQophsa','CF[184',NULL,NULL,2,'001','2024-06-13 00:00:00','2024-06-13 23:59:59','2024-06-13 20:19:40',NULL),(3,2,'Rio Duyanto','rio.duyanto@gmail.com','$2y$12$KAecMByhdA5K0rpUz.U7k.m.TocTNwUmtsrKMSCzV38mRm4mX4hFC','x${2CH',NULL,NULL,1,'001',NULL,NULL,'2024-06-18 21:14:42',NULL),(4,2,'Yohana Octaviani Sitohang','yohana.octaviani@gmail.com','$2y$12$WYLSw1nxHs35tB9kraCs/OpNKM.W30NJxOqY4qAmHD4hSeErOMF5e','{$bV0Z',NULL,NULL,2,'001','2024-06-18 00:00:00','2024-06-18 23:59:59','2024-06-18 21:25:17',NULL),(5,2,'Junanda','junanda@gmail.com','$2y$12$pttWZBEbI83cnF/2t6D7euWxRJQHgdA2zIAyM.3SX9VS/lwYoUyc6','<6OJnN',NULL,NULL,2,'001','2024-06-19 00:00:00','2024-06-19 23:59:59','2024-06-19 15:57:52',NULL),(6,2,'Test User','test_user@gmail.com','$2y$12$dqT/ZXZS7TeECoKbze0CSO.4ALzRrXgjpmVux2hgcgVHOLPABmh9a','x,$z9?',NULL,NULL,2,'001','2024-06-20 00:00:00','2024-06-20 23:59:59','2024-06-20 11:32:06',NULL),(7,1,'Guest RSS','guest@gmail.com','$2y$12$4Tg13RHFHzwn5i.qHkBR3.hRbZqnsdCer16.vZDQJ9ZayAGWknLGy','0L;Bl#',NULL,NULL,2,'001','2024-06-24 00:00:00','2024-06-27 23:59:59','2024-06-24 15:32:39',NULL),(8,2,'Test','asd@asd.com','$2y$12$r2K1a9sj/ZqvD/xdxatM9OtOTvsOwHHrvC1tr3MBWjpcV/5fUZf72','1M4%cx',NULL,NULL,2,'001','2024-06-28 00:00:00','2024-06-28 23:59:59','2024-06-26 09:35:05',NULL);
/*!40000 ALTER TABLE `mst_user_login` ENABLE KEYS */;
UNLOCK TABLES;

--
-- Table structure for table `mtx_disc`
--

DROP TABLE IF EXISTS `mtx_disc`;
/*!40101 SET @saved_cs_client     = @@character_set_client */;
/*!50503 SET character_set_client = utf8mb4 */;
CREATE TABLE `mtx_disc` (
  `id` int(11) NOT NULL,
  `code` char(1) DEFAULT NULL,
  `description` varchar(45) DEFAULT NULL,
  PRIMARY KEY (`id`)
) ENGINE=InnoDB DEFAULT CHARSET=utf8mb4 COLLATE=utf8mb4_general_ci;
/*!40101 SET character_set_client = @saved_cs_client */;

--
-- Dumping data for table `mtx_disc`
--

LOCK TABLES `mtx_disc` WRITE;
/*!40000 ALTER TABLE `mtx_disc` DISABLE KEYS */;
INSERT INTO `mtx_disc` VALUES (1,'D','Dominance'),(2,'I','Influence'),(3,'S','Steadiness'),(4,'C','Compliance');
/*!40000 ALTER TABLE `mtx_disc` ENABLE KEYS */;
UNLOCK TABLES;

--
-- Table structure for table `mtx_disc1`
--

DROP TABLE IF EXISTS `mtx_disc1`;
/*!40101 SET @saved_cs_client     = @@character_set_client */;
/*!50503 SET character_set_client = utf8mb4 */;
CREATE TABLE `mtx_disc1` (
  `id` int(11) NOT NULL,
  `tipe` char(1) NOT NULL,
  `description` text DEFAULT NULL,
  PRIMARY KEY (`id`,`tipe`)
) ENGINE=InnoDB DEFAULT CHARSET=utf8mb4 COLLATE=utf8mb4_general_ci;
/*!40101 SET character_set_client = @saved_cs_client */;

--
-- Dumping data for table `mtx_disc1`
--

LOCK TABLES `mtx_disc1` WRITE;
/*!40000 ALTER TABLE `mtx_disc1` DISABLE KEYS */;
INSERT INTO `mtx_disc1` VALUES (1,'C','To the Point (langsung), cepat membuat keputusan, menyukai perubahan, menetapkan banyak sasaran, berani mengambil resiko, inovatif, kompetitif, efisien, menghargai waktu, memiliki inisiatif untuk memulai suatu aktifitas, memiliki prinsip (tidak mudah goyah)'),(1,'L','Kandidat memiliki tingkat ketegasan yang tinggi dan tingkat pengendalian yang tinggi (controlled). Ketegasan yang tinggi membuat subjek memiliki kepribadian D (Dominance) menjadi kurang sabar melihat hasil, dengan kata lain ingin cepat memperoleh hasil, dan hal ini menimbulkan perasaan akan kepentingan (sense of urgency) terhadap tugas yang membuat kandidat menjadi langsung (to the point) dan efisien (direct and efficient). Pengendalian diri yang kuat membuat menjadi bersikap individual, kurang terbuka kepada orang lain, namun hal ini menimbulkan motivasi diri yang kuat (self-motivated) dan lebih suka bekerja secara bebas (independent). Melihat sikap ybs seperti ini, orang lain akan cenderung memandang ybs sebagai seseorang yang tertutup, menuntut, suka bersaing dan ambisius. Subjek memiliki tipe kepribadian D (Dominance) akan lebih cocok untuk bekerja dalam suatu lingkungan yang memberikan kebebasan dan personal power, dimana hal ini akan membuat Subjek mampu menghadapi tantangan yang akan menimbulkan kreatifitas dan energi yang positif bagi kemajuan diri Subjek sebagai seorang profesional. Tipe D (Dominance) dapat diklarifikasikan sebagai : Developer Pattern, Result Oriented Pattern, Inspiration Pattern, and Creative Pattern'),(1,'M','Suka melawan(menentang, mendebat), selalu tergesa - gesa, cenderung melanggar peraturan, cenderung melampaui wewenang, tidak sabar dengan orang lain, kurang suka mendengar pendapat orang lain, mengambil alih banyak tugas, kurang taktis dan diplomasi, terlalu berfokus pada tugas, kurang memperhatikan hubungan dengan orang lain'),(2,'C','Cepat membuat keputusan, optimistik, kreatif dalam solusi masalah, memotifasi orang lain menuju sasaran,  memiliki rasa humor yang positif, senang bekerja sama dalam tim, mampu mengatasi konflik, pandai berbicara (menjual ide)'),(2,'L','Kandidat memiliki tingkat ketegasan yang tinggi dan tingkat keterbukaan yang tinggi. Tingkat keterbukaan yang tinggi membuat kandidat memiliki kepribadian I (Influence) menjadi lebih sosial, bersahabat, dapat menerima pendapat orang lain dan suka berkelompok. Sedangkan ketegasan yang tinggi membuat ybs menjadi antusias dalam melaksanakan tugas – tugas. Namun dalam kenyataan ybs lebih mementingkan hubungan positif dengan orang lain dibandingkan penyelesaian tugas–tugas. Tipe I (Influence) dapat diklarifikasikan sebagai : Promoter Pattern, Persuader Pattern, Counselor Pattern, and Appraiser Pattern.'),(2,'M','Impulsif (mengandalkan perasaan), tidak sistemetik, kurang mampu menetukan sasaran secara baik, terlalu mempercayai orang lain, tidak memperhatikan sampai ke hal terperinci (detail), cenderung memberikan delegasi secara berlebihan kepada orang lain, pendengar situasional (tergantung apakah dia tertarik atau tidak) '),(3,'C','Dapat dipercaya (diandalkan), bekerja keras untuk suatu alasan, pendengar yang ulung, sabar & empati, mampu mendamaikan orang yang berkonflik, senang bekerja sama dalam tim, logika dan seksama (teliti), mampu membangun dan membina hubungan jangka panjang dengan orang lain'),(3,'L','Kandidat memiliki tingkat penerimaan yang tinggi dan tingkat keterbukaan yang tinggi. Orang – orang yang memiliki tingkat penerimaan tinggi tidak menunjukan tingkat energi yang cukup untuk bersikap tegas, sehingga Subjek tampak kurang tegas, lebih sabar, mendatar, tidak menuntut dan tenang. Orang tipe S (Steadiness) tidak menyukai perubahan atau ketidakpastian, sehingga mereka merencanakan tindakan secara berhati–hati dan mendalam serta cenderung bekerja secara gigih dan terus menerus pada tugas–tugas yang telah ditetapkan oleh mereka. Meskipun orang–orang tipe S (Steadiness) tampak kurang percaya diri, namun mereka memiliki tingkat keterbukaan yang tinggi untuk menerima orang lain yang cenderung ditunjukan dalam keramah–tamahan dan kemurahan hati. Tipe S (Steadiness) dapat diklarifikasikan sebagai : Specialist Pattern, Achiever Pattern, Agent Pattern,Investigator Pattern.'),(3,'M','Tidak suka dikritik, cenderung tidak menyukai perubahan, kurang memiliki inisiatif untuk memulai aktivitas baru, terlalu mempercayai orang lain, cenderung tidak mampu menentukan prioritas, kurang teliti (kurang hati-hati)'),(4,'C','Berfikir objektif, hati-hati (teliti), mempertahankan standar tinggi, ketrampilan diplomatik,  memberikan perhatian sampai terperinci (detail), logika dan seksama (teliti), menyelesaikan masalah mengikuti langkah – langkah rasional (ilmiah)'),(4,'L','Kandidat memiliki tingkat penerimaan yang tinggi dan tingkat pengendalian yang tinggi (controlled). Orang–orang yang memiliki tingkat penerimaan tinggi tidak menunjukan tingkat energi yang cukup untuk bersikap tegas, sehingga ybs tampak kurang tegas dan bersikap reaktif. Namun tingkat pengendalian yang tinggi membuat ybs bersikap individual, kurang terbuka kepada orang lain, namun hal ini menimbulkan motivasi diri yang kuat (self-motivated) dan lebih suka bekerja secara bebas ( independent). Orang–orang tipe C (Compliance) cenderung melihat kehidupan dalam bentuk struktur dan peraturan–peraturan dan berusaha untuk mencapai keakuratan dan ketelitian setinggi mungkin. Berdasarkan hal ini maka mereka menjadi lebih berhati – hati dan menjadi sangat sensitif terhadap perubahan dan hal – hal baru. Tipe C (Compliance) dapat diklarifikasikan sebagai : Objective thinker Pattern, Perfectionist Pattern, and Practitioner Pattern.'),(4,'M','Ragu-ragu dalam bertindak, cenderung rewel (mempermasalahkan sampai hal-hal detail), cenderung bersikap bertahan (defensif) bila dikritik, cenderung hanya memberikan instruksi tanpa berusaha menjelaskannya');
/*!40000 ALTER TABLE `mtx_disc1` ENABLE KEYS */;
UNLOCK TABLES;

--
-- Table structure for table `mtx_papi`
--

DROP TABLE IF EXISTS `mtx_papi`;
/*!40101 SET @saved_cs_client     = @@character_set_client */;
/*!50503 SET character_set_client = utf8mb4 */;
CREATE TABLE `mtx_papi` (
  `id_quiz` int(11) NOT NULL,
  `poin_A` char(1) DEFAULT NULL,
  `poin_B` char(1) DEFAULT NULL,
  PRIMARY KEY (`id_quiz`)
) ENGINE=InnoDB DEFAULT CHARSET=utf8mb4 COLLATE=utf8mb4_general_ci;
/*!40101 SET character_set_client = @saved_cs_client */;

--
-- Dumping data for table `mtx_papi`
--

LOCK TABLES `mtx_papi` WRITE;
/*!40000 ALTER TABLE `mtx_papi` DISABLE KEYS */;
INSERT INTO `mtx_papi` VALUES (1,'G','E'),(2,'A','N'),(3,'P','A'),(4,'X','P'),(5,'B','X'),(6,'O','B'),(7,'Z','O'),(8,'K','Z'),(9,'F','K'),(10,'W','F'),(11,'G','C'),(12,'L','E'),(13,'P','N'),(14,'X','A'),(15,'B','P'),(16,'O','X'),(17,'Z','B'),(18,'K','O'),(19,'F','Z'),(20,'W','K'),(21,'G','D'),(22,'L','C'),(23,'I','E'),(24,'X','N'),(25,'B','A'),(26,'O','P'),(27,'Z','X'),(28,'K','B'),(29,'F','O'),(30,'W','Z'),(31,'G','R'),(32,'L','D'),(33,'I','C'),(34,'T','E'),(35,'B','N'),(36,'O','A'),(37,'Z','P'),(38,'K','X'),(39,'F','B'),(40,'W','O'),(41,'G','S'),(42,'L','R'),(43,'I','D'),(44,'T','C'),(45,'V','E'),(46,'O','N'),(47,'Z','A'),(48,'K','P'),(49,'F','X'),(50,'W','B'),(51,'G','V'),(52,'L','S'),(53,'I','R'),(54,'T','D'),(55,'V','C'),(56,'S','E'),(57,'Z','N'),(58,'K','A'),(59,'F','P'),(60,'W','X'),(61,'G','T'),(62,'L','V'),(63,'I','S'),(64,'T','R'),(65,'V','D'),(66,'S','C'),(67,'R','E'),(68,'K','N'),(69,'F','A'),(70,'W','P'),(71,'G','I'),(72,'L','T'),(73,'I','V'),(74,'T','S'),(75,'V','R'),(76,'S','D'),(77,'R','C'),(78,'D','E'),(79,'F','N'),(80,'W','A'),(81,'G','L'),(82,'L','I'),(83,'I','T'),(84,'T','V'),(85,'V','S'),(86,'S','R'),(87,'R','D'),(88,'D','C'),(89,'C','E'),(90,'W','N');
/*!40000 ALTER TABLE `mtx_papi` ENABLE KEYS */;
UNLOCK TABLES;

--
-- Table structure for table `mtx_papi1`
--

DROP TABLE IF EXISTS `mtx_papi1`;
/*!40101 SET @saved_cs_client     = @@character_set_client */;
/*!50503 SET character_set_client = utf8mb4 */;
CREATE TABLE `mtx_papi1` (
  `code_parameter` char(1) NOT NULL,
  `desc_parameter` varchar(450) DEFAULT NULL,
  `grouping` varchar(450) DEFAULT NULL,
  PRIMARY KEY (`code_parameter`)
) ENGINE=InnoDB DEFAULT CHARSET=utf8mb4 COLLATE=utf8mb4_general_ci;
/*!40101 SET character_set_client = @saved_cs_client */;

--
-- Dumping data for table `mtx_papi1`
--

LOCK TABLES `mtx_papi1` WRITE;
/*!40000 ALTER TABLE `mtx_papi1` DISABLE KEYS */;
INSERT INTO `mtx_papi1` VALUES ('A','Need to Achieve','Work Direction'),('B','Need to Belong to Group','Social Nature'),('C','Organized Type','Work Style'),('D','Interest in Working With Details','Work Style'),('E','Emotionally Restrained Type','Temperament'),('F','Need to Support Authority','Follower'),('G','Role of a Hard Intense Worker','Work Direction'),('I','Ease in Decision Making','Leadership'),('K','Need for Defensive Aggressiveness','Temperament'),('L','Leadership Role','Leadership'),('N','Need to Personally Finish a Task','Work Direction'),('O','Need for Closeness and Affection','Social Nature'),('P','Need to Control Others','Leadership'),('R','Theoretical Type','Work Style'),('S','Social Extension','Social Nature'),('T','On the Go Type','Activiti'),('V','Vigorous Type','Activiti'),('W','Need to Roles and Supervision','Follower'),('X','Need to be Noticed','Social Nature'),('Z','Need for Change','Temperament');
/*!40000 ALTER TABLE `mtx_papi1` ENABLE KEYS */;
UNLOCK TABLES;

--
-- Table structure for table `mtx_wpt`
--

DROP TABLE IF EXISTS `mtx_wpt`;
/*!40101 SET @saved_cs_client     = @@character_set_client */;
/*!50503 SET character_set_client = utf8mb4 */;
CREATE TABLE `mtx_wpt` (
  `id_mtx_wpt` int(11) NOT NULL,
  `RS` int(11) DEFAULT NULL,
  `IQ` int(11) DEFAULT NULL,
  PRIMARY KEY (`id_mtx_wpt`)
) ENGINE=InnoDB DEFAULT CHARSET=utf8mb4 COLLATE=utf8mb4_general_ci;
/*!40101 SET character_set_client = @saved_cs_client */;

--
-- Dumping data for table `mtx_wpt`
--

LOCK TABLES `mtx_wpt` WRITE;
/*!40000 ALTER TABLE `mtx_wpt` DISABLE KEYS */;
INSERT INTO `mtx_wpt` VALUES (1,0,59),(2,1,59),(3,2,61),(4,3,64),(5,4,67),(6,5,69),(7,6,71),(8,7,73),(9,8,75),(10,9,78),(11,10,80),(12,11,81),(13,12,83),(14,13,86),(15,14,88),(16,15,90),(17,16,93),(18,17,95),(19,18,97),(20,19,98),(21,20,100),(22,21,102),(23,22,104),(24,23,106),(25,24,108),(26,25,111),(27,26,113),(28,27,114),(29,28,116),(30,29,118),(31,30,120),(32,31,121),(33,32,123),(34,33,125),(35,34,126),(36,35,128),(37,36,130),(38,37,132),(39,38,134),(40,39,136),(41,40,138),(42,41,140),(43,42,142),(44,43,143),(45,44,146),(46,45,146),(47,46,146),(48,47,146),(49,48,146),(50,49,146);
/*!40000 ALTER TABLE `mtx_wpt` ENABLE KEYS */;
UNLOCK TABLES;

--
-- Table structure for table `mtx_wpt1`
--

DROP TABLE IF EXISTS `mtx_wpt1`;
/*!40101 SET @saved_cs_client     = @@character_set_client */;
/*!50503 SET character_set_client = utf8mb4 */;
CREATE TABLE `mtx_wpt1` (
  `id_mtx_wpt1` int(11) NOT NULL,
  `min_IQ` int(11) DEFAULT NULL,
  `description` varchar(450) DEFAULT NULL,
  PRIMARY KEY (`id_mtx_wpt1`)
) ENGINE=InnoDB DEFAULT CHARSET=utf8mb4 COLLATE=utf8mb4_general_ci;
/*!40101 SET character_set_client = @saved_cs_client */;

--
-- Dumping data for table `mtx_wpt1`
--

LOCK TABLES `mtx_wpt1` WRITE;
/*!40000 ALTER TABLE `mtx_wpt1` DISABLE KEYS */;
INSERT INTO `mtx_wpt1` VALUES (1,65,'Mentality Defentive'),(2,79,'Bordeline Defective'),(3,90,'Low Average'),(4,110,'Average'),(5,119,'High Average'),(6,127,'Superior'),(7,139,'Genius');
/*!40000 ALTER TABLE `mtx_wpt1` ENABLE KEYS */;
UNLOCK TABLES;

--
-- Table structure for table `trn_quiz_dtl`
--

DROP TABLE IF EXISTS `trn_quiz_dtl`;
/*!40101 SET @saved_cs_client     = @@character_set_client */;
/*!50503 SET character_set_client = utf8mb4 */;
CREATE TABLE `trn_quiz_dtl` (
  `id_category` int(11) NOT NULL,
  `id_user` int(11) NOT NULL,
  `id_quiz` int(11) NOT NULL,
  `answer` varchar(45) DEFAULT NULL,
  `updated_at` datetime DEFAULT NULL,
  PRIMARY KEY (`id_category`,`id_user`,`id_quiz`)
) ENGINE=InnoDB DEFAULT CHARSET=utf8mb4 COLLATE=utf8mb4_general_ci;
/*!40101 SET character_set_client = @saved_cs_client */;

--
-- Dumping data for table `trn_quiz_dtl`
--

LOCK TABLES `trn_quiz_dtl` WRITE;
/*!40000 ALTER TABLE `trn_quiz_dtl` DISABLE KEYS */;
INSERT INTO `trn_quiz_dtl` VALUES (0,2,1,'4','2024-06-14 14:18:31'),(0,2,2,'2','2024-06-14 14:22:38'),(0,2,3,'3','2024-06-14 14:22:54'),(0,2,4,'TIDAK','2024-06-14 14:23:08'),(0,2,5,'4','2024-06-14 14:23:19'),(0,2,6,'1','2024-06-14 14:49:01'),(0,2,7,'3','2024-06-14 14:48:47'),(0,2,8,'0.125','2024-06-14 15:02:06'),(0,2,9,'1','2024-06-14 15:02:14'),(0,2,10,'1','2024-06-14 15:02:32'),(0,2,11,'3','2024-06-14 15:02:38'),(0,2,12,'6000','2024-06-14 15:02:59'),(0,2,13,'2','2024-06-14 15:03:14'),(0,2,14,'2','2024-06-14 15:03:19'),(0,2,15,'20','2024-06-14 15:03:29'),(0,2,16,'3','2024-06-14 15:05:31'),(0,2,17,'A','2024-06-14 15:06:20'),(0,2,18,'20','2024-06-14 15:06:28'),(0,2,19,'2','2024-06-14 15:06:35'),(0,2,20,'1','2024-06-14 15:06:42'),(0,2,21,'20','2024-06-14 15:07:19'),(0,2,22,'B','2024-06-14 15:07:25'),(0,2,23,'4','2024-06-14 15:07:38'),(0,2,24,'1','2024-06-14 15:07:42'),(0,2,25,'1','2024-06-14 15:07:48'),(0,2,26,'2','2024-06-14 15:07:56'),(0,2,27,'0.33','2024-06-14 15:08:05'),(0,2,28,'1','2024-06-14 15:08:10'),(0,2,29,'5','2024-06-14 15:08:15'),(0,2,30,'22','2024-06-14 15:08:26'),(0,2,31,'5','2024-06-14 15:08:30'),(0,2,32,'YA','2024-06-14 15:08:37'),(0,2,33,'2','2024-06-14 15:08:44'),(0,2,34,'5','2024-06-14 15:08:51'),(0,2,35,'22','2024-06-14 15:15:28'),(0,2,36,'23','2024-06-14 15:19:46'),(0,2,37,'44','2024-06-14 15:19:49'),(0,2,38,'5','2024-06-14 15:19:52'),(0,2,39,'2','2024-06-14 15:19:55'),(0,2,40,'1','2024-06-14 15:20:01'),(0,2,41,'5','2024-06-14 15:20:04'),(0,2,42,'3 22','2024-06-14 15:20:14'),(0,2,43,'4','2024-06-14 15:20:22'),(0,2,44,'1','2024-06-14 15:20:24'),(0,2,45,'55','2024-06-14 15:20:29'),(0,2,46,'3','2024-06-14 15:20:33'),(0,2,47,'3','2024-06-14 15:20:36'),(0,2,48,'34','2024-06-14 15:20:40'),(0,2,49,'2','2024-06-14 15:20:46'),(0,2,50,'22','2024-06-20 14:50:41'),(0,4,1,'4','2024-06-18 21:30:34'),(0,4,2,'2','2024-06-18 21:30:41'),(0,4,3,'2','2024-06-18 21:30:47'),(0,4,4,'YA','2024-06-18 21:30:52'),(0,4,5,'3','2024-06-18 21:30:54'),(0,4,6,'3','2024-06-18 21:30:55'),(0,4,7,'3','2024-06-18 21:31:03'),(0,4,8,'9','2024-06-18 21:31:09'),(0,4,9,'2','2024-06-18 21:31:11'),(0,4,10,'3','2024-06-18 21:31:14'),(0,4,11,'3','2024-06-18 21:31:15'),(0,4,12,'20','2024-06-18 21:31:20'),(0,4,13,'2','2024-06-18 21:31:23'),(0,4,14,'3','2024-06-18 21:31:26'),(0,4,15,'20','2024-06-18 21:31:30'),(0,4,16,'3','2024-06-18 21:31:32'),(0,4,17,'A','2024-06-18 21:31:35'),(0,4,18,'20','2024-06-18 21:31:41'),(0,4,19,'2','2024-06-18 21:31:42'),(0,4,20,'1','2024-06-18 21:31:46'),(0,4,21,'20','2024-06-18 21:31:52'),(0,4,22,'B','2024-06-18 21:31:55'),(0,4,23,'3','2024-06-18 21:31:57'),(0,4,24,'1','2024-06-18 21:32:00'),(0,4,25,'2','2024-06-18 21:32:01'),(0,4,26,'2','2024-06-18 21:32:05'),(0,4,27,'0.33','2024-06-18 21:32:08'),(0,4,28,'2','2024-06-18 21:32:10'),(0,4,29,NULL,'2024-06-18 21:32:12'),(0,4,30,NULL,'2024-06-18 21:32:16'),(0,4,31,'3','2024-06-18 21:32:17'),(0,4,32,NULL,'2024-06-18 21:32:19'),(0,4,33,'2','2024-06-18 21:32:20'),(0,4,34,NULL,'2024-06-18 21:32:21'),(0,4,35,NULL,'2024-06-18 21:32:27'),(0,4,36,NULL,'2024-06-18 21:32:27'),(0,4,37,NULL,'2024-06-18 21:32:32'),(0,4,38,NULL,'2024-06-18 21:32:34'),(0,4,39,'2','2024-06-18 21:32:37'),(0,4,40,'3','2024-06-18 21:32:42'),(0,4,41,'3','2024-06-18 21:32:44'),(0,4,42,NULL,'2024-06-18 21:32:49'),(0,4,43,'3','2024-06-18 21:32:53'),(0,4,44,'2','2024-06-18 21:32:55'),(0,4,45,NULL,'2024-06-18 21:32:58'),(0,4,46,'3','2024-06-18 21:33:00'),(0,4,47,NULL,'2024-06-18 21:33:04'),(0,4,48,NULL,'2024-06-18 21:33:05'),(0,4,49,NULL,'2024-06-18 21:33:07'),(0,4,50,NULL,'2024-06-18 21:33:11'),(0,5,1,NULL,NULL),(0,5,2,NULL,NULL),(0,5,3,NULL,NULL),(0,5,4,NULL,NULL),(0,5,5,NULL,NULL),(0,5,6,NULL,NULL),(0,5,7,NULL,NULL),(0,5,8,NULL,NULL),(0,5,9,NULL,NULL),(0,5,10,NULL,NULL),(0,5,11,NULL,NULL),(0,5,12,NULL,NULL),(0,5,13,NULL,NULL),(0,5,14,NULL,NULL),(0,5,15,NULL,NULL),(0,5,16,NULL,NULL),(0,5,17,NULL,NULL),(0,5,18,NULL,NULL),(0,5,19,NULL,NULL),(0,5,20,NULL,NULL),(0,5,21,NULL,NULL),(0,5,22,NULL,NULL),(0,5,23,NULL,NULL),(0,5,24,NULL,NULL),(0,5,25,NULL,NULL),(0,5,26,NULL,NULL),(0,5,27,NULL,NULL),(0,5,28,NULL,NULL),(0,5,29,NULL,NULL),(0,5,30,NULL,NULL),(0,5,31,NULL,NULL),(0,5,32,NULL,NULL),(0,5,33,NULL,NULL),(0,5,34,NULL,NULL),(0,5,35,NULL,NULL),(0,5,36,NULL,NULL),(0,5,37,NULL,NULL),(0,5,38,NULL,NULL),(0,5,39,NULL,NULL),(0,5,40,NULL,NULL),(0,5,41,NULL,NULL),(0,5,42,NULL,NULL),(0,5,43,NULL,NULL),(0,5,44,NULL,NULL),(0,5,45,NULL,NULL),(0,5,46,NULL,NULL),(0,5,47,NULL,NULL),(0,5,48,NULL,NULL),(0,5,49,NULL,NULL),(0,5,50,NULL,NULL),(0,6,1,NULL,NULL),(0,6,2,NULL,NULL),(0,6,3,NULL,NULL),(0,6,4,NULL,NULL),(0,6,5,NULL,NULL),(0,6,6,NULL,NULL),(0,6,7,NULL,NULL),(0,6,8,NULL,NULL),(0,6,9,NULL,NULL),(0,6,10,NULL,NULL),(0,6,11,NULL,NULL),(0,6,12,NULL,NULL),(0,6,13,NULL,NULL),(0,6,14,NULL,NULL),(0,6,15,NULL,NULL),(0,6,16,NULL,NULL),(0,6,17,NULL,NULL),(0,6,18,NULL,NULL),(0,6,19,NULL,NULL),(0,6,20,NULL,NULL),(0,6,21,NULL,NULL),(0,6,22,NULL,NULL),(0,6,23,NULL,NULL),(0,6,24,NULL,NULL),(0,6,25,NULL,NULL),(0,6,26,NULL,NULL),(0,6,27,NULL,NULL),(0,6,28,NULL,NULL),(0,6,29,NULL,NULL),(0,6,30,NULL,NULL),(0,6,31,NULL,NULL),(0,6,32,NULL,NULL),(0,6,33,NULL,NULL),(0,6,34,NULL,NULL),(0,6,35,NULL,NULL),(0,6,36,NULL,NULL),(0,6,37,NULL,NULL),(0,6,38,NULL,NULL),(0,6,39,NULL,NULL),(0,6,40,NULL,NULL),(0,6,41,NULL,NULL),(0,6,42,NULL,NULL),(0,6,43,NULL,NULL),(0,6,44,NULL,NULL),(0,6,45,NULL,NULL),(0,6,46,NULL,NULL),(0,6,47,NULL,NULL),(0,6,48,NULL,NULL),(0,6,49,NULL,NULL),(0,6,50,NULL,NULL),(0,7,1,NULL,NULL),(0,7,2,NULL,NULL),(0,7,3,NULL,NULL),(0,7,4,NULL,NULL),(0,7,5,NULL,NULL),(0,7,6,NULL,NULL),(0,7,7,NULL,NULL),(0,7,8,NULL,NULL),(0,7,9,NULL,NULL),(0,7,10,NULL,NULL),(0,7,11,NULL,NULL),(0,7,12,NULL,NULL),(0,7,13,NULL,NULL),(0,7,14,NULL,NULL),(0,7,15,NULL,NULL),(0,7,16,NULL,NULL),(0,7,17,NULL,NULL),(0,7,18,NULL,NULL),(0,7,19,NULL,NULL),(0,7,20,NULL,NULL),(0,7,21,NULL,NULL),(0,7,22,NULL,NULL),(0,7,23,NULL,NULL),(0,7,24,NULL,NULL),(0,7,25,NULL,NULL),(0,7,26,NULL,NULL),(0,7,27,NULL,NULL),(0,7,28,NULL,NULL),(0,7,29,NULL,NULL),(0,7,30,NULL,NULL),(0,7,31,NULL,NULL),(0,7,32,NULL,NULL),(0,7,33,NULL,NULL),(0,7,34,NULL,NULL),(0,7,35,NULL,NULL),(0,7,36,NULL,NULL),(0,7,37,NULL,NULL),(0,7,38,NULL,NULL),(0,7,39,NULL,NULL),(0,7,40,NULL,NULL),(0,7,41,NULL,NULL),(0,7,42,NULL,NULL),(0,7,43,NULL,NULL),(0,7,44,NULL,NULL),(0,7,45,NULL,NULL),(0,7,46,NULL,NULL),(0,7,47,NULL,NULL),(0,7,48,NULL,NULL),(0,7,49,NULL,NULL),(0,7,50,NULL,NULL),(1,2,1,'1','2024-06-14 18:27:12'),(1,2,2,'2','2024-06-14 18:27:51'),(1,2,3,'1','2024-06-14 18:27:52'),(1,2,4,'2','2024-06-14 18:27:53'),(1,2,5,'1','2024-06-14 18:27:55'),(1,2,6,'2','2024-06-14 18:27:57'),(1,2,7,'1','2024-06-14 18:27:58'),(1,2,8,'2','2024-06-14 18:29:41'),(1,2,9,'1','2024-06-14 18:29:42'),(1,2,10,'2','2024-06-14 18:29:43'),(1,2,11,'1','2024-06-14 18:29:44'),(1,2,12,'1','2024-06-14 18:29:47'),(1,2,13,'2','2024-06-14 18:29:50'),(1,2,14,'2','2024-06-14 18:29:52'),(1,2,15,'1','2024-06-14 18:29:54'),(1,2,16,'2','2024-06-14 18:29:56'),(1,2,17,'1','2024-06-14 18:29:58'),(1,2,18,'2','2024-06-14 18:30:02'),(1,2,19,'1','2024-06-14 18:30:04'),(1,2,20,'2','2024-06-14 18:30:06'),(1,2,21,'1','2024-06-14 18:30:09'),(1,2,22,'2','2024-06-14 18:30:11'),(1,2,23,'1','2024-06-14 18:30:14'),(1,2,24,'2','2024-06-14 18:30:19'),(1,2,25,'1','2024-06-14 18:30:23'),(1,2,26,'1','2024-06-14 18:30:27'),(1,2,27,'1','2024-06-14 18:30:32'),(1,2,28,'1','2024-06-14 18:30:37'),(1,2,29,'1','2024-06-14 18:30:40'),(1,2,30,'1','2024-06-14 18:30:43'),(1,2,31,'2','2024-06-14 18:30:46'),(1,2,32,'1','2024-06-14 18:30:47'),(1,2,33,'2','2024-06-14 18:30:49'),(1,2,34,'1','2024-06-14 18:30:51'),(1,2,35,'2','2024-06-14 18:30:53'),(1,2,36,'2','2024-06-14 18:30:55'),(1,2,37,'2','2024-06-14 18:30:57'),(1,2,38,'2','2024-06-14 18:30:59'),(1,2,39,'2','2024-06-14 18:31:00'),(1,2,40,'2','2024-06-14 18:31:02'),(1,2,41,'2','2024-06-14 18:31:03'),(1,2,42,'2','2024-06-14 18:31:05'),(1,2,43,'2','2024-06-14 18:31:06'),(1,2,44,'2','2024-06-14 18:31:08'),(1,2,45,'2','2024-06-14 18:31:09'),(1,2,46,'1','2024-06-14 18:31:10'),(1,2,47,'2','2024-06-14 18:31:12'),(1,2,48,'1','2024-06-14 18:31:13'),(1,2,49,'2','2024-06-14 18:31:14'),(1,2,50,'1','2024-06-14 18:31:16'),(1,2,51,'2','2024-06-14 18:31:17'),(1,2,52,'2','2024-06-14 18:31:18'),(1,2,53,'2','2024-06-14 18:31:19'),(1,2,54,'2','2024-06-14 18:31:20'),(1,2,55,'2','2024-06-14 18:31:22'),(1,2,56,'2','2024-06-14 18:31:23'),(1,2,57,'2','2024-06-14 18:31:24'),(1,2,58,'1','2024-06-14 18:31:26'),(1,2,59,'2','2024-06-14 18:31:27'),(1,2,60,'1','2024-06-14 18:31:28'),(1,2,61,'2','2024-06-14 18:31:29'),(1,2,62,'1','2024-06-14 18:31:30'),(1,2,63,'1','2024-06-14 18:31:31'),(1,2,64,'1','2024-06-14 18:31:32'),(1,2,65,'1','2024-06-14 18:31:33'),(1,2,66,'1','2024-06-14 18:31:35'),(1,2,67,'1','2024-06-14 18:31:36'),(1,2,68,'1','2024-06-14 18:31:37'),(1,2,69,'1','2024-06-14 18:31:38'),(1,2,70,'1','2024-06-14 18:31:40'),(1,2,71,'1','2024-06-14 18:31:41'),(1,2,72,'2','2024-06-14 18:31:42'),(1,2,73,'1','2024-06-14 18:31:43'),(1,2,74,'1','2024-06-14 18:31:45'),(1,2,75,'1','2024-06-14 18:31:46'),(1,2,76,'1','2024-06-14 18:31:47'),(1,2,77,'2','2024-06-14 18:31:48'),(1,2,78,'1','2024-06-14 18:31:49'),(1,2,79,'2','2024-06-14 18:31:51'),(1,2,80,'1','2024-06-14 18:31:52'),(1,2,81,'1','2024-06-14 18:31:54'),(1,2,82,'2','2024-06-14 18:31:55'),(1,2,83,'1','2024-06-14 18:31:56'),(1,2,84,'2','2024-06-14 18:31:57'),(1,2,85,'1','2024-06-14 18:31:59'),(1,2,86,'1','2024-06-14 18:32:00'),(1,2,87,'1','2024-06-14 18:32:01'),(1,2,88,'1','2024-06-14 18:32:03'),(1,2,89,'1','2024-06-14 18:32:04'),(1,4,1,'1','2024-06-18 21:33:31'),(1,4,2,'1','2024-06-18 21:33:33'),(1,4,3,'1','2024-06-18 21:33:34'),(1,4,4,'1','2024-06-18 21:33:43'),(1,4,5,'1','2024-06-18 21:33:57'),(1,4,6,'1','2024-06-18 21:38:53'),(1,4,7,'1','2024-06-18 21:38:57'),(1,4,8,'1','2024-06-18 21:38:58'),(1,4,9,'1','2024-06-18 21:38:59'),(1,4,10,'1','2024-06-18 21:39:02'),(1,4,11,'1','2024-06-18 21:39:03'),(1,4,12,'1','2024-06-18 21:39:04'),(1,4,13,'1','2024-06-18 21:39:07'),(1,4,14,'1','2024-06-18 21:39:10'),(1,4,15,'1','2024-06-18 21:39:13'),(1,4,16,'1','2024-06-18 21:39:14'),(1,4,17,'1','2024-06-18 21:39:16'),(1,4,18,'1','2024-06-18 21:39:18'),(1,4,19,'1','2024-06-18 21:39:20'),(1,4,20,'1','2024-06-18 21:39:21'),(1,4,21,'1','2024-06-18 21:39:24'),(1,4,22,'1','2024-06-18 21:39:25'),(1,4,23,'1','2024-06-18 21:39:26'),(1,4,24,'1','2024-06-18 21:39:27'),(1,4,25,'1','2024-06-18 21:39:29'),(1,4,26,'1','2024-06-18 21:39:31'),(1,4,27,'1','2024-06-18 21:39:32'),(1,4,28,'1','2024-06-18 21:39:33'),(1,4,29,'1','2024-06-18 21:39:35'),(1,4,30,'1','2024-06-18 21:39:38'),(1,4,31,'1','2024-06-18 21:39:42'),(1,4,32,'1','2024-06-18 21:39:43'),(1,4,33,'1','2024-06-18 21:39:45'),(1,4,34,'1','2024-06-18 21:39:54'),(1,4,35,'1','2024-06-18 21:39:56'),(1,4,36,'1','2024-06-18 21:39:59'),(1,4,37,'1','2024-06-18 21:40:01'),(1,4,38,'1','2024-06-18 21:40:02'),(1,4,39,'1','2024-06-18 21:40:05'),(1,4,40,'1','2024-06-18 21:41:47'),(1,4,41,'1','2024-06-18 21:40:13'),(1,4,42,'1','2024-06-18 21:40:14'),(1,4,43,'1','2024-06-18 21:40:17'),(1,4,44,'1','2024-06-18 21:40:20'),(1,4,45,'1','2024-06-18 21:40:23'),(1,4,46,'1','2024-06-18 21:40:24'),(1,4,47,'1','2024-06-18 21:40:25'),(1,4,48,'1','2024-06-18 21:40:28'),(1,4,49,'1','2024-06-18 21:40:29'),(1,4,50,'1','2024-06-18 21:40:30'),(1,4,51,'1','2024-06-18 21:40:33'),(1,4,52,'1','2024-06-18 21:40:34'),(1,4,53,'1','2024-06-18 21:40:35'),(1,4,54,'1','2024-06-18 21:40:36'),(1,4,55,'1','2024-06-18 21:40:41'),(1,4,56,'1','2024-06-18 21:40:42'),(1,4,57,'1','2024-06-18 21:40:45'),(1,4,58,'1','2024-06-18 21:40:46'),(1,4,59,'1','2024-06-18 21:40:49'),(1,4,60,'1','2024-06-18 21:40:50'),(1,4,61,'1','2024-06-18 21:40:52'),(1,4,62,'1','2024-06-18 21:40:53'),(1,4,63,'1','2024-06-18 21:40:56'),(1,4,64,'1','2024-06-18 21:40:57'),(1,4,65,'1','2024-06-18 21:41:00'),(1,4,66,'1','2024-06-18 21:41:01'),(1,4,67,'1','2024-06-18 21:41:03'),(1,4,68,'1','2024-06-18 21:41:06'),(1,4,69,'1','2024-06-18 21:41:07'),(1,4,70,'1','2024-06-18 21:41:08'),(1,4,71,'1','2024-06-18 21:41:11'),(1,4,72,'1','2024-06-18 21:41:12'),(1,4,73,'1','2024-06-18 21:41:13'),(1,4,74,'1','2024-06-18 21:41:14'),(1,4,75,'1','2024-06-18 21:41:17'),(1,4,76,'1','2024-06-18 21:41:18'),(1,4,77,'1','2024-06-18 21:41:19'),(1,4,78,'1','2024-06-18 21:41:22'),(1,4,79,'1','2024-06-18 21:41:23'),(1,4,80,'1','2024-06-18 21:41:24'),(1,4,81,'1','2024-06-18 21:41:25'),(1,4,82,'1','2024-06-18 21:41:28'),(1,4,83,'1','2024-06-18 21:41:29'),(1,4,84,'1','2024-06-18 21:41:30'),(1,4,85,'1','2024-06-18 21:41:34'),(1,4,86,'1','2024-06-18 21:41:38'),(1,4,87,'1','2024-06-18 21:41:40'),(1,4,88,'1','2024-06-18 21:41:41'),(1,4,89,'1','2024-06-18 21:41:44'),(1,4,90,'1','2024-06-18 21:42:04'),(1,5,1,'1','2024-06-19 16:20:19'),(1,5,2,'2','2024-06-19 16:20:22'),(1,5,3,'1','2024-06-19 16:20:24'),(1,5,4,'1','2024-06-19 16:20:30'),(1,5,5,'2','2024-06-19 16:20:35'),(1,5,6,'1','2024-06-19 16:20:39'),(1,5,7,'2','2024-06-19 16:20:40'),(1,5,8,'1','2024-06-19 16:20:43'),(1,5,9,'2','2024-06-19 16:20:45'),(1,5,10,'1','2024-06-19 16:20:55'),(1,5,11,'1','2024-06-19 16:21:16'),(1,5,12,'2','2024-06-19 16:21:22'),(1,5,13,'2','2024-06-19 16:21:39'),(1,5,14,'1','2024-06-19 16:21:43'),(1,5,15,'2','2024-06-19 16:21:56'),(1,5,16,'2','2024-06-19 16:22:00'),(1,5,17,'1','2024-06-19 16:22:05'),(1,5,18,'2','2024-06-19 16:22:15'),(1,5,19,'2','2024-06-19 16:22:19'),(1,5,20,'1','2024-06-19 16:22:28'),(1,5,21,'2','2024-06-19 16:22:32'),(1,5,22,'1','2024-06-19 16:22:40'),(1,5,23,'2','2024-06-19 16:22:46'),(1,5,24,'2','2024-06-19 16:22:53'),(1,5,25,'2','2024-06-19 16:23:01'),(1,5,26,'1','2024-06-19 16:23:05'),(1,5,27,'1','2024-06-19 16:23:12'),(1,5,28,'1','2024-06-19 16:23:18'),(1,5,29,'2','2024-06-19 16:23:22'),(1,5,30,'1','2024-06-19 16:23:27'),(1,5,31,'2','2024-06-19 16:23:31'),(1,5,32,'2','2024-06-19 16:23:35'),(1,5,33,'2','2024-06-19 16:23:39'),(1,5,34,'2','2024-06-19 16:23:45'),(1,5,35,'1','2024-06-19 16:23:51'),(1,5,36,'1','2024-06-19 16:23:54'),(1,5,37,'1','2024-06-19 16:24:00'),(1,5,38,'1','2024-06-19 16:24:04'),(1,5,39,'2','2024-06-19 16:24:08'),(1,5,40,'2','2024-06-19 16:24:15'),(1,5,41,'1','2024-06-19 16:24:18'),(1,5,42,'1','2024-06-19 16:24:23'),(1,5,43,'1','2024-06-19 16:24:29'),(1,5,44,'1','2024-06-19 16:24:32'),(1,5,45,'1','2024-06-19 16:24:35'),(1,5,46,'1','2024-06-19 16:24:38'),(1,5,47,'2','2024-06-19 16:24:39'),(1,5,48,'1','2024-06-19 16:24:41'),(1,5,49,'2','2024-06-19 16:24:43'),(1,5,50,'1','2024-06-19 16:24:56'),(1,5,51,'1','2024-06-19 16:25:01'),(1,5,52,'1','2024-06-19 16:25:06'),(1,5,53,'2','2024-06-19 16:25:11'),(1,5,54,'2','2024-06-19 16:25:18'),(1,5,55,'2','2024-06-19 16:25:23'),(1,5,56,'2','2024-06-19 16:25:28'),(1,5,57,'1','2024-06-19 16:25:32'),(1,5,58,'1','2024-06-19 16:25:36'),(1,5,59,'1','2024-06-19 16:25:48'),(1,5,60,'2','2024-06-19 16:25:54'),(1,5,61,'1','2024-06-19 16:26:04'),(1,5,62,'1','2024-06-19 16:26:08'),(1,5,63,'2','2024-06-19 16:26:13'),(1,5,64,'2','2024-06-19 16:26:18'),(1,5,65,'1','2024-06-19 16:26:26'),(1,5,66,'2','2024-06-19 16:26:31'),(1,5,67,'1','2024-06-19 16:26:53'),(1,5,68,'1','2024-06-19 16:26:58'),(1,5,69,'2','2024-06-19 16:27:03'),(1,5,70,'2','2024-06-19 16:27:08'),(1,5,71,'2','2024-06-19 16:27:15'),(1,5,72,'1','2024-06-19 16:27:20'),(1,5,73,'2','2024-06-19 16:27:25'),(1,5,74,'2','2024-06-19 16:27:34'),(1,5,75,'1','2024-06-19 16:27:38'),(1,5,76,'1','2024-06-19 16:27:43'),(1,5,77,'2','2024-06-19 16:27:47'),(1,5,78,'1','2024-06-19 16:27:51'),(1,5,79,'2','2024-06-19 16:27:54'),(1,5,80,'1','2024-06-19 16:27:58'),(1,5,81,'1','2024-06-19 16:28:02'),(1,5,82,'1','2024-06-19 16:28:06'),(1,5,83,'2','2024-06-19 16:28:11'),(1,5,84,'2','2024-06-19 16:28:14'),(1,5,85,'1','2024-06-19 16:28:17'),(1,5,86,'2','2024-06-19 16:28:22'),(1,5,87,'1','2024-06-19 16:28:25'),(1,5,88,'1','2024-06-19 16:28:29'),(1,5,89,'1','2024-06-19 16:28:33'),(1,5,90,'2','2024-06-19 16:28:38'),(1,6,1,NULL,NULL),(1,6,2,NULL,NULL),(1,6,3,NULL,NULL),(1,6,4,NULL,NULL),(1,6,5,NULL,NULL),(1,6,6,NULL,NULL),(1,6,7,NULL,NULL),(1,6,8,NULL,NULL),(1,6,9,NULL,NULL),(1,6,10,NULL,NULL),(1,6,11,NULL,NULL),(1,6,12,NULL,NULL),(1,6,13,NULL,NULL),(1,6,14,NULL,NULL),(1,6,15,NULL,NULL),(1,6,16,NULL,NULL),(1,6,17,NULL,NULL),(1,6,18,NULL,NULL),(1,6,19,NULL,NULL),(1,6,20,NULL,NULL),(1,6,21,NULL,NULL),(1,6,22,NULL,NULL),(1,6,23,NULL,NULL),(1,6,24,NULL,NULL),(1,6,25,NULL,NULL),(1,6,26,NULL,NULL),(1,6,27,NULL,NULL),(1,6,28,NULL,NULL),(1,6,29,NULL,NULL),(1,6,30,NULL,NULL),(1,6,31,NULL,NULL),(1,6,32,NULL,NULL),(1,6,33,NULL,NULL),(1,6,34,NULL,NULL),(1,6,35,NULL,NULL),(1,6,36,NULL,NULL),(1,6,37,NULL,NULL),(1,6,38,NULL,NULL),(1,6,39,NULL,NULL),(1,6,40,NULL,NULL),(1,6,41,NULL,NULL),(1,6,42,NULL,NULL),(1,6,43,NULL,NULL),(1,6,44,NULL,NULL),(1,6,45,NULL,NULL),(1,6,46,NULL,NULL),(1,6,47,NULL,NULL),(1,6,48,NULL,NULL),(1,6,49,NULL,NULL),(1,6,50,NULL,NULL),(1,6,51,NULL,NULL),(1,6,52,NULL,NULL),(1,6,53,NULL,NULL),(1,6,54,NULL,NULL),(1,6,55,NULL,NULL),(1,6,56,NULL,NULL),(1,6,57,NULL,NULL),(1,6,58,NULL,NULL),(1,6,59,NULL,NULL),(1,6,60,NULL,NULL),(1,6,61,NULL,NULL),(1,6,62,NULL,NULL),(1,6,63,NULL,NULL),(1,6,64,NULL,NULL),(1,6,65,NULL,NULL),(1,6,66,NULL,NULL),(1,6,67,NULL,NULL),(1,6,68,NULL,NULL),(1,6,69,NULL,NULL),(1,6,70,NULL,NULL),(1,6,71,NULL,NULL),(1,6,72,NULL,NULL),(1,6,73,NULL,NULL),(1,6,74,NULL,NULL),(1,6,75,NULL,NULL),(1,6,76,NULL,NULL),(1,6,77,NULL,NULL),(1,6,78,NULL,NULL),(1,6,79,NULL,NULL),(1,6,80,NULL,NULL),(1,6,81,NULL,NULL),(1,6,82,NULL,NULL),(1,6,83,NULL,NULL),(1,6,84,NULL,NULL),(1,6,85,NULL,NULL),(1,6,86,NULL,NULL),(1,6,87,NULL,NULL),(1,6,88,NULL,NULL),(1,6,89,NULL,NULL),(1,6,90,NULL,NULL),(1,7,1,NULL,NULL),(1,7,2,NULL,NULL),(1,7,3,NULL,NULL),(1,7,4,NULL,NULL),(1,7,5,NULL,NULL),(1,7,6,NULL,NULL),(1,7,7,NULL,NULL),(1,7,8,NULL,NULL),(1,7,9,NULL,NULL),(1,7,10,NULL,NULL),(1,7,11,NULL,NULL),(1,7,12,NULL,NULL),(1,7,13,NULL,NULL),(1,7,14,NULL,NULL),(1,7,15,NULL,NULL),(1,7,16,NULL,NULL),(1,7,17,NULL,NULL),(1,7,18,NULL,NULL),(1,7,19,NULL,NULL),(1,7,20,NULL,NULL),(1,7,21,NULL,NULL),(1,7,22,NULL,NULL),(1,7,23,NULL,NULL),(1,7,24,NULL,NULL),(1,7,25,NULL,NULL),(1,7,26,NULL,NULL),(1,7,27,NULL,NULL),(1,7,28,NULL,NULL),(1,7,29,NULL,NULL),(1,7,30,NULL,NULL),(1,7,31,NULL,NULL),(1,7,32,NULL,NULL),(1,7,33,NULL,NULL),(1,7,34,NULL,NULL),(1,7,35,NULL,NULL),(1,7,36,NULL,NULL),(1,7,37,NULL,NULL),(1,7,38,NULL,NULL),(1,7,39,NULL,NULL),(1,7,40,NULL,NULL),(1,7,41,NULL,NULL),(1,7,42,NULL,NULL),(1,7,43,NULL,NULL),(1,7,44,NULL,NULL),(1,7,45,NULL,NULL),(1,7,46,NULL,NULL),(1,7,47,NULL,NULL),(1,7,48,NULL,NULL),(1,7,49,NULL,NULL),(1,7,50,NULL,NULL),(1,7,51,NULL,NULL),(1,7,52,NULL,NULL),(1,7,53,NULL,NULL),(1,7,54,NULL,NULL),(1,7,55,NULL,NULL),(1,7,56,NULL,NULL),(1,7,57,NULL,NULL),(1,7,58,NULL,NULL),(1,7,59,NULL,NULL),(1,7,60,NULL,NULL),(1,7,61,NULL,NULL),(1,7,62,NULL,NULL),(1,7,63,NULL,NULL),(1,7,64,NULL,NULL),(1,7,65,NULL,NULL),(1,7,66,NULL,NULL),(1,7,67,NULL,NULL),(1,7,68,NULL,NULL),(1,7,69,NULL,NULL),(1,7,70,NULL,NULL),(1,7,71,NULL,NULL),(1,7,72,NULL,NULL),(1,7,73,NULL,NULL),(1,7,74,NULL,NULL),(1,7,75,NULL,NULL),(1,7,76,NULL,NULL),(1,7,77,NULL,NULL),(1,7,78,NULL,NULL),(1,7,79,NULL,NULL),(1,7,80,NULL,NULL),(1,7,81,NULL,NULL),(1,7,82,NULL,NULL),(1,7,83,NULL,NULL),(1,7,84,NULL,NULL),(1,7,85,NULL,NULL),(1,7,86,NULL,NULL),(1,7,87,NULL,NULL),(1,7,88,NULL,NULL),(1,7,89,NULL,NULL),(1,7,90,NULL,NULL),(2,2,1,'2|3','2024-06-18 15:52:38'),(2,2,2,'1|3','2024-06-18 16:02:34'),(2,2,3,'2|1','2024-06-18 16:05:18'),(2,2,4,'3|2','2024-06-18 16:05:20'),(2,2,5,'1|3','2024-06-18 16:05:23'),(2,2,6,'2|1','2024-06-18 16:05:25'),(2,2,7,'3|2','2024-06-18 16:05:31'),(2,2,8,'2|3','2024-06-18 16:05:33'),(2,2,9,'4|2','2024-06-18 16:05:35'),(2,2,10,'2|3','2024-06-18 16:05:39'),(2,2,11,'3|1','2024-06-18 16:05:41'),(2,2,12,'2|4','2024-06-18 16:05:44'),(2,2,13,'2|1','2024-06-18 16:05:46'),(2,2,14,'1|3','2024-06-18 16:05:50'),(2,2,15,'3|2','2024-06-18 16:05:52'),(2,2,16,'2|3','2024-06-18 16:05:55'),(2,2,17,'1|4','2024-06-18 16:05:57'),(2,2,18,'2|3','2024-06-18 16:06:02'),(2,2,19,'1|4','2024-06-18 16:06:06'),(2,2,20,'2|1','2024-06-18 16:06:08'),(2,2,21,'3|2','2024-06-18 16:06:11'),(2,2,22,'4|2','2024-06-18 16:06:14'),(2,2,23,'1|3','2024-06-18 16:06:17'),(2,2,24,'2|1','2024-06-18 16:06:39'),(2,4,1,'3|2','2024-06-18 21:34:33'),(2,4,2,'1|3','2024-06-18 21:34:38'),(2,4,3,'1|2','2024-06-18 21:36:49'),(2,4,4,'1|2','2024-06-18 21:36:54'),(2,4,5,'1|2','2024-06-18 21:37:01'),(2,4,6,'1|2','2024-06-18 21:37:50'),(2,4,7,'1|2','2024-06-18 21:37:54'),(2,4,8,'1|2','2024-06-18 21:38:13'),(2,4,9,'1|3','2024-06-18 21:35:23'),(2,4,10,'2|3','2024-06-18 21:35:28'),(2,4,11,'1|3','2024-06-18 21:35:32'),(2,4,12,'1|2','2024-06-18 21:35:36'),(2,4,13,'1|2','2024-06-18 21:35:42'),(2,4,14,'1|2','2024-06-18 21:35:45'),(2,4,15,'1|2','2024-06-18 21:35:50'),(2,4,16,'1|2','2024-06-18 21:35:52'),(2,4,17,'1|2','2024-06-18 21:35:56'),(2,4,18,'1|2','2024-06-18 21:36:01'),(2,4,19,'1|2','2024-06-18 21:36:08'),(2,4,20,'1|2','2024-06-18 21:36:12'),(2,4,21,'1|2','2024-06-18 21:36:15'),(2,4,22,'1|2','2024-06-18 21:36:25'),(2,4,23,'1|2','2024-06-18 21:36:33'),(2,4,24,'1|2','2024-06-18 21:38:24'),(2,5,1,'2|1','2024-06-19 16:30:18'),(2,5,2,'1|4','2024-06-19 16:30:32'),(2,5,3,'1|4','2024-06-19 16:30:42'),(2,5,4,'4|3','2024-06-19 16:31:07'),(2,5,5,'3|1','2024-06-19 16:31:18'),(2,5,6,'4|2','2024-06-19 16:31:29'),(2,5,7,'4|1','2024-06-19 16:31:53'),(2,5,8,'2|1','2024-06-19 16:32:05'),(2,5,9,'3|2','2024-06-19 16:32:16'),(2,5,10,'3|1','2024-06-19 16:32:31'),(2,5,11,'1|4','2024-06-19 16:32:42'),(2,5,12,'2|3','2024-06-19 16:32:52'),(2,5,13,'1|2','2024-06-19 16:33:03'),(2,5,14,'1|2','2024-06-19 16:33:12'),(2,5,15,'2|1','2024-06-19 16:33:25'),(2,5,16,'2|1','2024-06-19 16:33:36'),(2,5,17,'1|2','2024-06-19 16:33:51'),(2,5,18,'1|3','2024-06-19 16:34:01'),(2,5,19,'1|3','2024-06-19 16:34:12'),(2,5,20,'1|2','2024-06-19 16:34:23'),(2,5,21,'2|1','2024-06-19 16:34:35'),(2,5,22,'4|2','2024-06-19 16:34:47'),(2,5,23,'4|1','2024-06-19 16:35:03'),(2,5,24,'1|3','2024-06-19 16:35:13'),(2,6,1,NULL,NULL),(2,6,2,NULL,NULL),(2,6,3,NULL,NULL),(2,6,4,NULL,NULL),(2,6,5,NULL,NULL),(2,6,6,NULL,NULL),(2,6,7,NULL,NULL),(2,6,8,NULL,NULL),(2,6,9,NULL,NULL),(2,6,10,NULL,NULL),(2,6,11,NULL,NULL),(2,6,12,NULL,NULL),(2,6,13,NULL,NULL),(2,6,14,NULL,NULL),(2,6,15,NULL,NULL),(2,6,16,NULL,NULL),(2,6,17,NULL,NULL),(2,6,18,NULL,NULL),(2,6,19,NULL,NULL),(2,6,20,NULL,NULL),(2,6,21,NULL,NULL),(2,6,22,NULL,NULL),(2,6,23,NULL,NULL),(2,6,24,NULL,NULL),(2,7,1,NULL,NULL),(2,7,2,NULL,NULL),(2,7,3,NULL,NULL),(2,7,4,NULL,NULL),(2,7,5,NULL,NULL),(2,7,6,NULL,NULL),(2,7,7,NULL,NULL),(2,7,8,NULL,NULL),(2,7,9,NULL,NULL),(2,7,10,NULL,NULL),(2,7,11,NULL,NULL),(2,7,12,NULL,NULL),(2,7,13,NULL,NULL),(2,7,14,NULL,NULL),(2,7,15,NULL,NULL),(2,7,16,NULL,NULL),(2,7,17,NULL,NULL),(2,7,18,NULL,NULL),(2,7,19,NULL,NULL),(2,7,20,NULL,NULL),(2,7,21,NULL,NULL),(2,7,22,NULL,NULL),(2,7,23,NULL,NULL),(2,7,24,NULL,NULL),(2,8,1,NULL,NULL),(2,8,2,NULL,NULL),(2,8,3,NULL,NULL),(2,8,4,NULL,NULL),(2,8,5,NULL,NULL),(2,8,6,NULL,NULL),(2,8,7,NULL,NULL),(2,8,8,NULL,NULL),(2,8,9,NULL,NULL),(2,8,10,NULL,NULL),(2,8,11,NULL,NULL),(2,8,12,NULL,NULL),(2,8,13,NULL,NULL),(2,8,14,NULL,NULL),(2,8,15,NULL,NULL),(2,8,16,NULL,NULL),(2,8,17,NULL,NULL),(2,8,18,NULL,NULL),(2,8,19,NULL,NULL),(2,8,20,NULL,NULL),(2,8,21,NULL,NULL),(2,8,22,NULL,NULL),(2,8,23,NULL,NULL),(2,8,24,NULL,NULL),(3,2,1,'1','2024-06-14 20:25:38'),(3,2,2,'2','2024-06-18 16:06:53'),(3,2,3,'3','2024-06-18 16:06:55'),(3,2,4,'1','2024-06-18 16:06:56'),(3,2,5,'3','2024-06-18 16:06:58'),(3,2,6,'1','2024-06-18 16:07:01'),(3,2,7,'4','2024-06-18 16:07:02'),(3,2,8,'2','2024-06-18 16:07:03'),(3,2,9,'3','2024-06-18 16:07:06'),(3,2,10,'2','2024-06-18 16:07:07'),(3,2,11,'4','2024-06-18 16:07:09'),(3,2,12,'2','2024-06-18 16:07:11'),(3,2,13,'1','2024-06-18 16:07:12'),(3,2,14,'3','2024-06-18 16:07:13'),(3,2,15,'1','2024-06-18 16:07:17'),(3,2,16,'3','2024-06-18 16:07:18'),(3,2,17,'2','2024-06-18 16:07:20'),(3,2,18,'3','2024-06-18 16:07:22'),(3,2,19,'4','2024-06-18 16:07:23'),(3,2,20,'2','2024-06-18 16:07:25'),(3,2,21,'1','2024-06-18 16:07:27'),(3,2,22,'3','2024-06-18 16:07:28'),(3,2,23,'2','2024-06-18 16:07:30'),(3,2,24,'3','2024-06-18 16:07:31'),(3,2,25,'4','2024-06-18 16:07:33'),(3,2,26,'1','2024-06-18 16:07:34'),(3,2,27,'2','2024-06-18 16:07:36'),(3,2,28,'3','2024-06-18 16:07:39'),(3,2,29,'2','2024-06-18 16:07:40'),(3,2,30,'3','2024-06-18 16:07:44'),(3,2,31,'4','2024-06-18 16:07:50'),(3,2,32,'2','2024-06-18 16:07:52'),(3,2,33,'3','2024-06-18 16:07:53'),(3,2,34,'4','2024-06-18 16:07:56'),(3,2,35,'2','2024-06-18 16:07:57'),(3,2,36,'3','2024-06-18 16:07:58'),(3,2,37,'2','2024-06-18 16:08:01'),(3,2,38,'1','2024-06-18 16:08:02'),(3,2,39,'4','2024-06-18 16:08:04'),(3,2,40,'3','2024-06-18 16:08:07'),(3,2,41,'2','2024-06-18 16:08:09'),(3,2,42,'3','2024-06-18 16:08:12'),(3,2,43,'4','2024-06-18 16:08:13'),(3,2,44,'3','2024-06-18 16:08:15'),(3,2,45,'2','2024-06-18 16:08:18'),(3,2,46,'1','2024-06-18 16:08:19'),(3,2,47,'3','2024-06-18 16:08:20'),(3,2,48,'4','2024-06-18 16:08:23'),(3,2,49,'1','2024-06-18 16:08:24'),(3,2,50,'2','2024-06-18 16:08:25'),(3,4,1,NULL,NULL),(3,4,2,NULL,NULL),(3,4,3,NULL,NULL),(3,4,4,NULL,NULL),(3,4,5,NULL,NULL),(3,4,6,NULL,NULL),(3,4,7,NULL,NULL),(3,4,8,NULL,NULL),(3,4,9,NULL,NULL),(3,4,10,NULL,NULL),(3,4,11,NULL,NULL),(3,4,12,NULL,NULL),(3,4,13,NULL,NULL),(3,4,14,NULL,NULL),(3,4,15,NULL,NULL),(3,4,16,NULL,NULL),(3,4,17,NULL,NULL),(3,4,18,NULL,NULL),(3,4,19,NULL,NULL),(3,4,20,NULL,NULL),(3,4,21,NULL,NULL),(3,4,22,NULL,NULL),(3,4,23,NULL,NULL),(3,4,24,NULL,NULL),(3,4,25,NULL,NULL),(3,4,26,NULL,NULL),(3,4,27,NULL,NULL),(3,4,28,NULL,NULL),(3,4,29,NULL,NULL),(3,4,30,NULL,NULL),(3,4,31,NULL,NULL),(3,4,32,NULL,NULL),(3,4,33,NULL,NULL),(3,4,34,NULL,NULL),(3,4,35,NULL,NULL),(3,4,36,NULL,NULL),(3,4,37,NULL,NULL),(3,4,38,NULL,NULL),(3,4,39,NULL,NULL),(3,4,40,NULL,NULL),(3,4,41,NULL,NULL),(3,4,42,NULL,NULL),(3,4,43,NULL,NULL),(3,4,44,NULL,NULL),(3,4,45,NULL,NULL),(3,4,46,NULL,NULL),(3,4,47,NULL,NULL),(3,4,48,NULL,NULL),(3,4,49,NULL,NULL),(3,4,50,NULL,NULL),(3,5,1,NULL,NULL),(3,5,2,NULL,NULL),(3,5,3,NULL,NULL),(3,5,4,NULL,NULL),(3,5,5,NULL,NULL),(3,5,6,NULL,NULL),(3,5,7,NULL,NULL),(3,5,8,NULL,NULL),(3,5,9,NULL,NULL),(3,5,10,NULL,NULL),(3,5,11,NULL,NULL),(3,5,12,NULL,NULL),(3,5,13,NULL,NULL),(3,5,14,NULL,NULL),(3,5,15,NULL,NULL),(3,5,16,NULL,NULL),(3,5,17,NULL,NULL),(3,5,18,NULL,NULL),(3,5,19,NULL,NULL),(3,5,20,NULL,NULL),(3,5,21,NULL,NULL),(3,5,22,NULL,NULL),(3,5,23,NULL,NULL),(3,5,24,NULL,NULL),(3,5,25,NULL,NULL),(3,5,26,NULL,NULL),(3,5,27,NULL,NULL),(3,5,28,NULL,NULL),(3,5,29,NULL,NULL),(3,5,30,NULL,NULL),(3,5,31,NULL,NULL),(3,5,32,NULL,NULL),(3,5,33,NULL,NULL),(3,5,34,NULL,NULL),(3,5,35,NULL,NULL),(3,5,36,NULL,NULL),(3,5,37,NULL,NULL),(3,5,38,NULL,NULL),(3,5,39,NULL,NULL),(3,5,40,NULL,NULL),(3,5,41,NULL,NULL),(3,5,42,NULL,NULL),(3,5,43,NULL,NULL),(3,5,44,NULL,NULL),(3,5,45,NULL,NULL),(3,5,46,NULL,NULL),(3,5,47,NULL,NULL),(3,5,48,NULL,NULL),(3,5,49,NULL,NULL),(3,5,50,NULL,NULL);
/*!40000 ALTER TABLE `trn_quiz_dtl` ENABLE KEYS */;
UNLOCK TABLES;

--
-- Table structure for table `trn_quiz_hdr`
--

DROP TABLE IF EXISTS `trn_quiz_hdr`;
/*!40101 SET @saved_cs_client     = @@character_set_client */;
/*!50503 SET character_set_client = utf8mb4 */;
CREATE TABLE `trn_quiz_hdr` (
  `id_category` int(11) NOT NULL,
  `id_user` int(11) NOT NULL,
  `start_date` datetime DEFAULT NULL,
  `finish_date` datetime DEFAULT NULL,
  `code_status` char(3) DEFAULT NULL,
  `active_start_date` datetime DEFAULT NULL,
  `active_end_date` datetime DEFAULT NULL,
  `created_at` datetime DEFAULT NULL,
  `created_by` int(11) DEFAULT NULL,
  `updated_at` datetime DEFAULT NULL,
  `updated_by` int(11) DEFAULT NULL,
  PRIMARY KEY (`id_category`,`id_user`)
) ENGINE=InnoDB DEFAULT CHARSET=utf8mb4 COLLATE=utf8mb4_general_ci;
/*!40101 SET character_set_client = @saved_cs_client */;

--
-- Dumping data for table `trn_quiz_hdr`
--

LOCK TABLES `trn_quiz_hdr` WRITE;
/*!40000 ALTER TABLE `trn_quiz_hdr` DISABLE KEYS */;
INSERT INTO `trn_quiz_hdr` VALUES (0,2,'2024-06-14 14:18:22','2024-06-20 15:00:11','004',NULL,NULL,'2024-06-13 00:00:00',1,'2024-06-20 15:00:11',2),(0,4,'2024-06-18 21:30:21','2024-06-18 21:33:15','004',NULL,NULL,'2024-06-18 00:00:00',3,'2024-06-18 21:33:15',4),(0,5,NULL,NULL,'001',NULL,NULL,NULL,3,NULL,NULL),(0,6,NULL,NULL,'001',NULL,NULL,'2024-06-20 11:32:06',NULL,NULL,NULL),(0,7,'2024-06-24 15:34:34',NULL,'003','2024-06-24 00:00:00','2024-06-24 23:59:59','2024-06-24 15:32:39',NULL,'2024-06-26 10:02:18',7),(1,2,'2024-06-14 18:21:00','2024-06-14 18:32:16','004',NULL,NULL,'2024-06-14 00:00:00',1,'2024-06-14 18:32:16',2),(1,4,'2024-06-18 21:33:28','2024-06-18 21:42:08','004',NULL,NULL,'2024-06-18 00:00:00',3,'2024-06-18 21:42:08',4),(1,5,'2024-06-19 16:20:16',NULL,'003',NULL,NULL,NULL,3,'2024-06-19 16:28:50',5),(1,6,NULL,NULL,'001',NULL,NULL,'2024-06-20 11:32:06',NULL,NULL,NULL),(1,7,NULL,NULL,'001',NULL,NULL,'2024-06-24 15:32:39',NULL,NULL,NULL),(2,2,'2024-06-18 15:33:57','2024-06-18 16:06:47','004',NULL,NULL,'2024-06-14 00:00:00',1,'2024-06-18 16:06:47',2),(2,4,'2024-06-18 21:34:16','2024-06-18 21:38:47','004',NULL,NULL,'2024-06-18 00:00:00',3,'2024-06-18 21:38:47',4),(2,5,'2024-06-19 16:30:09',NULL,'003',NULL,NULL,NULL,3,'2024-06-19 16:35:13',5),(2,6,NULL,NULL,'001',NULL,NULL,'2024-06-20 11:32:06',NULL,NULL,NULL),(2,7,NULL,NULL,'001',NULL,NULL,'2024-06-24 15:32:39',NULL,NULL,NULL),(2,8,NULL,NULL,'001',NULL,NULL,'2024-06-26 09:35:05',NULL,NULL,NULL),(3,2,'2024-06-14 20:19:04','2024-06-18 16:08:31','004',NULL,NULL,'2024-06-14 00:00:00',1,'2024-06-18 16:08:31',2),(3,4,NULL,NULL,'001',NULL,NULL,'2024-06-18 00:00:00',3,NULL,NULL),(3,5,NULL,NULL,'001',NULL,NULL,NULL,3,NULL,NULL);
/*!40000 ALTER TABLE `trn_quiz_hdr` ENABLE KEYS */;
UNLOCK TABLES;
/*!40103 SET TIME_ZONE=@OLD_TIME_ZONE */;

/*!40101 SET SQL_MODE=@OLD_SQL_MODE */;
/*!40014 SET FOREIGN_KEY_CHECKS=@OLD_FOREIGN_KEY_CHECKS */;
/*!40014 SET UNIQUE_CHECKS=@OLD_UNIQUE_CHECKS */;
/*!40101 SET CHARACTER_SET_CLIENT=@OLD_CHARACTER_SET_CLIENT */;
/*!40101 SET CHARACTER_SET_RESULTS=@OLD_CHARACTER_SET_RESULTS */;
/*!40101 SET COLLATION_CONNECTION=@OLD_COLLATION_CONNECTION */;
/*!40111 SET SQL_NOTES=@OLD_SQL_NOTES */;

-- Dump completed on 2024-06-26 10:03:43
